id,nivel,iso3,pais,departamento,municipio,anio,periodo,causa,sexo,grupo_edad,personas_desplazadas,desplazamiento_stock,duracion_periodo_anios,tipo_fuente,fuente,clave_negocio,outlier_iqr_extremo,motivo_revision
13,Global,AZE,Azerbaijan,,,2024,2024,Conflicto armado / violencia,Todos,Todos,,658000.0,1,Secundaria,IDMC - Global Internal Displacement Database (GIDD),Global|AZE|||2024|Conflicto armado / violencia|Todos|Todos|IDMC - Global Internal Displacement Database (GIDD),False,SIN_DATO_ORIGEN
18,Global,BEN,Benin,,,2024,2024,Conflicto armado / violencia,Todos,Todos,,13000.0,1,Secundaria,IDMC - Global Internal Displacement Database (GIDD),Global|BEN|||2024|Conflicto armado / violencia|Todos|Todos|IDMC - Global Internal Displacement Database (GIDD),False,SIN_DATO_ORIGEN
26,Global,BIH,Bosnia And Herzegovina,,,2024,2024,Conflicto armado / violencia,Todos,Todos,,95000.0,1,Secundaria,IDMC - Global Internal Displacement Database (GIDD),Global|BIH|||2024|Conflicto armado / violencia|Todos|Todos|IDMC - Global Internal Displacement Database (GIDD),False,SIN_DATO_ORIGEN
54,Global,CYP,Cyprus,,,2024,2024,Conflicto armado / violencia,Todos,Todos,,245000.0,1,Secundaria,IDMC - Global Internal Displacement Database (GIDD),Global|CYP|||2024|Conflicto armado / violencia|Todos|Todos|IDMC - Global Internal Displacement Database (GIDD),False,SIN_DATO_ORIGEN
72,Global,GEO,Georgia,,,2024,2024,Conflicto armado / violencia,Todos,Todos,,299000.0,1,Secundaria,IDMC - Global Internal Displacement Database (GIDD),Global|GEO|||2024|Conflicto armado / violencia|Todos|Todos|IDMC - Global Internal Displacement Database (GIDD),False,SIN_DATO_ORIGEN
74,Global,GHA,Ghana,,,2024,2024,Conflicto armado / violencia,Todos,Todos,,3200.0,1,Secundaria,IDMC - Global Internal Displacement Database (GIDD),Global|GHA|||2024|Conflicto armado / violencia|Todos|Todos|IDMC - Global Internal Displacement Database (GIDD),False,SIN_DATO_ORIGEN
117,Global,LKA,Sri Lanka,,,2024,2024,Conflicto armado / violencia,Todos,Todos,,4800.0,1,Secundaria,IDMC - Global Internal Displacement Database (GIDD),Global|LKA|||2024|Conflicto armado / violencia|Todos|Todos|IDMC - Global Internal Displacement Database (GIDD),False,SIN_DATO_ORIGEN
157,Global,PER,Peru,,,2024,2024,Conflicto armado / violencia,Todos,Todos,,78000.0,1,Secundaria,IDMC - Global Internal Displacement Database (GIDD),Global|PER|||2024|Conflicto armado / violencia|Todos|Todos|IDMC - Global Internal Displacement Database (GIDD),False,SIN_DATO_ORIGEN
177,Global,SEN,Senegal,,,2024,2024,Conflicto armado / violencia,Todos,Todos,,5900.0,1,Secundaria,IDMC - Global Internal Displacement Database (GIDD),Global|SEN|||2024|Conflicto armado / violencia|Todos|Todos|IDMC - Global Internal Displacement Database (GIDD),False,SIN_DATO_ORIGEN
185,Global,SRB,Serbia,,,2024,2024,Conflicto armado / violencia,Todos,Todos,,194000.0,1,Secundaria,IDMC - Global Internal Displacement Database (GIDD),Global|SRB|||2024|Conflicto armado / violencia|Todos|Todos|IDMC - Global Internal Displacement Database (GIDD),False,SIN_DATO_ORIGEN
195,Global,TGO,Togo,,,2024,2024,Conflicto armado / violencia,Todos,Todos,,18000.0,1,Secundaria,IDMC - Global Internal Displacement Database (GIDD),Global|TGO|||2024|Conflicto armado / violencia|Todos|Todos|IDMC - Global Internal Displacement Database (GIDD),False,SIN_DATO_ORIGEN
216,Global,XKX,Kosovo,,,2024,2024,Conflicto armado / violencia,Todos,Todos,,16000.0,1,Secundaria,IDMC - Global Internal Displacement Database (GIDD),Global|XKX|||2024|Conflicto armado / violencia|Todos|Todos|IDMC - Global Internal Displacement Database (GIDD),False,SIN_DATO_ORIGEN
227,Global,AFG,Afghanistan,,,2023,2023,Conflicto armado / violencia,Todos,Todos,,4187000.0,1,Secundaria,IDMC - Global Internal Displacement Database (GIDD),Global|AFG|||2023|Conflicto armado / violencia|Todos|Todos|IDMC - Global Internal Displacement Database (GIDD),False,SIN_DATO_ORIGEN
232,Global,ARM,Armenia,,,2023,2023,Conflicto armado / violencia,Todos,Todos,,7600.0,1,Secundaria,IDMC - Global Internal Displacement Database (GIDD),Global|ARM|||2023|Conflicto armado / violencia|Todos|Todos|IDMC - Global Internal Displacement Database (GIDD),False,SIN_DATO_ORIGEN
244,Global,BGD,Bangladesh,,,2023,2023,Conflicto armado / violencia,Todos,Todos,,426000.0,1,Secundaria,IDMC - Global Internal Displacement Database (GIDD),Global|BGD|||2023|Conflicto armado / violencia|Todos|Todos|IDMC - Global Internal Displacement Database (GIDD),False,SIN_DATO_ORIGEN
247,Global,BIH,Bosnia And Herzegovina,,,2023,2023,Conflicto armado / violencia,Todos,Todos,,95000.0,1,Secundaria,IDMC - Global Internal Displacement Database (GIDD),Global|BIH|||2023|Conflicto armado / violencia|Todos|Todos|IDMC - Global Internal Displacement Database (GIDD),False,SIN_DATO_ORIGEN
271,Global,CYP,Cyprus,,,2023,2023,Conflicto armado / violencia,Todos,Todos,,248000.0,1,Secundaria,IDMC - Global Internal Displacement Database (GIDD),Global|CYP|||2023|Conflicto armado / violencia|Todos|Todos|IDMC - Global Internal Displacement Database (GIDD),False,SIN_DATO_ORIGEN
289,Global,GEO,Georgia,,,2023,2023,Conflicto armado / violencia,Todos,Todos,,296000.0,1,Secundaria,IDMC - Global Internal Displacement Database (GIDD),Global|GEO|||2023|Conflicto armado / violencia|Todos|Todos|IDMC - Global Internal Displacement Database (GIDD),False,SIN_DATO_ORIGEN
294,Global,GMB,Gambia,,,2023,2023,Conflicto armado / violencia,Todos,Todos,,5700.0,1,Secundaria,IDMC - Global Internal Displacement Database (GIDD),Global|GMB|||2023|Conflicto armado / violencia|Todos|Todos|IDMC - Global Internal Displacement Database (GIDD),False,SIN_DATO_ORIGEN
336,Global,LKA,Sri Lanka,,,2023,2023,Conflicto armado / violencia,Todos,Todos,,11000.0,1,Secundaria,IDMC - Global Internal Displacement Database (GIDD),Global|LKA|||2023|Conflicto armado / violencia|Todos|Todos|IDMC - Global Internal Displacement Database (GIDD),False,SIN_DATO_ORIGEN
345,Global,MKD,North Macedonia,,,2023,2023,Conflicto armado / violencia,Todos,Todos,,110.0,1,Secundaria,IDMC - Global Internal Displacement Database (GIDD),Global|MKD|||2023|Conflicto armado / violencia|Todos|Todos|IDMC - Global Internal Displacement Database (GIDD),False,SIN_DATO_ORIGEN
360,Global,NCL,New Caledonia,,,2023,2023,Conflicto armado / violencia,Todos,Todos,,150.0,1,Secundaria,IDMC - Global Internal Displacement Database (GIDD),Global|NCL|||2023|Conflicto armado / violencia|Todos|Todos|IDMC - Global Internal Displacement Database (GIDD),False,SIN_DATO_ORIGEN
375,Global,PER,Peru,,,2023,2023,Conflicto armado / violencia,Todos,Todos,,75000.0,1,Secundaria,IDMC - Global Internal Displacement Database (GIDD),Global|PER|||2023|Conflicto armado / violencia|Todos|Todos|IDMC - Global Internal Displacement Database (GIDD),False,SIN_DATO_ORIGEN
391,Global,SEN,Senegal,,,2023,2023,Conflicto armado / violencia,Todos,Todos,,8400.0,1,Secundaria,IDMC - Global Internal Displacement Database (GIDD),Global|SEN|||2023|Conflicto armado / violencia|Todos|Todos|IDMC - Global Internal Displacement Database (GIDD),False,SIN_DATO_ORIGEN
392,Global,SLB,Solomon Islands,,,2023,2023,Conflicto armado / violencia,Todos,Todos,,1000.0,1,Secundaria,IDMC - Global Internal Displacement Database (GIDD),Global|SLB|||2023|Conflicto armado / violencia|Todos|Todos|IDMC - Global Internal Displacement Database (GIDD),False,SIN_DATO_ORIGEN
398,Global,SRB,Serbia,,,2023,2023,Conflicto armado / violencia,Todos,Todos,,194000.0,1,Secundaria,IDMC - Global Internal Displacement Database (GIDD),Global|SRB|||2023|Conflicto armado / violencia|Todos|Todos|IDMC - Global Internal Displacement Database (GIDD),False,SIN_DATO_ORIGEN
426,Global,XKX,Kosovo,,,2023,2023,Conflicto armado / violencia,Todos,Todos,,16000.0,1,Secundaria,IDMC - Global Internal Displacement Database (GIDD),Global|XKX|||2023|Conflicto armado / violencia|Todos|Todos|IDMC - Global Internal Displacement Database (GIDD),False,SIN_DATO_ORIGEN
444,Global,AZE,Azerbaijan,,,2022,2022,Conflicto armado / violencia,Todos,Todos,,659000.0,1,Secundaria,IDMC - Global Internal Displacement Database (GIDD),Global|AZE|||2022|Conflicto armado / violencia|Todos|Todos|IDMC - Global Internal Displacement Database (GIDD),False,SIN_DATO_ORIGEN
456,Global,BIH,Bosnia And Herzegovina,,,2022,2022,Conflicto armado / violencia,Todos,Todos,,91000.0,1,Secundaria,IDMC - Global Internal Displacement Database (GIDD),Global|BIH|||2022|Conflicto armado / violencia|Todos|Todos|IDMC - Global Internal Displacement Database (GIDD),False,SIN_DATO_ORIGEN
468,Global,CIV,Côte D'Ivoire,,,2022,2022,Conflicto armado / violencia,Todos,Todos,,302000.0,1,Secundaria,IDMC - Global Internal Displacement Database (GIDD),Global|CIV|||2022|Conflicto armado / violencia|Todos|Todos|IDMC - Global Internal Displacement Database (GIDD),False,SIN_DATO_ORIGEN
474,Global,COG,Congo,,,2022,2022,Conflicto armado / violencia,Todos,Todos,,27000.0,1,Secundaria,IDMC - Global Internal Displacement Database (GIDD),Global|COG|||2022|Conflicto armado / violencia|Todos|Todos|IDMC - Global Internal Displacement Database (GIDD),False,SIN_DATO_ORIGEN
481,Global,CYP,Cyprus,,,2022,2022,Conflicto armado / violencia,Todos,Todos,,246000.0,1,Secundaria,IDMC - Global Internal Displacement Database (GIDD),Global|CYP|||2022|Conflicto armado / violencia|Todos|Todos|IDMC - Global Internal Displacement Database (GIDD),False,SIN_DATO_ORIGEN
496,Global,GEO,Georgia,,,2022,2022,Conflicto armado / violencia,Todos,Todos,,293000.0,1,Secundaria,IDMC - Global Internal Displacement Database (GIDD),Global|GEO|||2022|Conflicto armado / violencia|Todos|Todos|IDMC - Global Internal Displacement Database (GIDD),False,SIN_DATO_ORIGEN
538,Global,LKA,Sri Lanka,,,2022,2022,Conflicto armado / violencia,Todos,Todos,,11000.0,1,Secundaria,IDMC - Global Internal Displacement Database (GIDD),Global|LKA|||2022|Conflicto armado / violencia|Todos|Todos|IDMC - Global Internal Displacement Database (GIDD),False,SIN_DATO_ORIGEN
547,Global,MKD,North Macedonia,,,2022,2022,Conflicto armado / violencia,Todos,Todos,,110.0,1,Secundaria,IDMC - Global Internal Displacement Database (GIDD),Global|MKD|||2022|Conflicto armado / violencia|Todos|Todos|IDMC - Global Internal Displacement Database (GIDD),False,SIN_DATO_ORIGEN
559,Global,MYT,Mayotte,,,2022,2022,Conflicto armado / violencia,Todos,Todos,,8.0,1,Secundaria,IDMC - Global Internal Displacement Database (GIDD),Global|MYT|||2022|Conflicto armado / violencia|Todos|Todos|IDMC - Global Internal Displacement Database (GIDD),False,SIN_DATO_ORIGEN
560,Global,NCL,New Caledonia,,,2022,2022,Conflicto armado / violencia,Todos,Todos,,150.0,1,Secundaria,IDMC - Global Internal Displacement Database (GIDD),Global|NCL|||2022|Conflicto armado / violencia|Todos|Todos|IDMC - Global Internal Displacement Database (GIDD),False,SIN_DATO_ORIGEN
566,Global,NIC,Nicaragua,,,2022,2022,Conflicto armado / violencia,Todos,Todos,,1100.0,1,Secundaria,IDMC - Global Internal Displacement Database (GIDD),Global|NIC|||2022|Conflicto armado / violencia|Todos|Todos|IDMC - Global Internal Displacement Database (GIDD),False,SIN_DATO_ORIGEN
575,Global,PER,Peru,,,2022,2022,Conflicto armado / violencia,Todos,Todos,,73000.0,1,Secundaria,IDMC - Global Internal Displacement Database (GIDD),Global|PER|||2022|Conflicto armado / violencia|Todos|Todos|IDMC - Global Internal Displacement Database (GIDD),False,SIN_DATO_ORIGEN
593,Global,SEN,Senegal,,,2022,2022,Conflicto armado / violencia,Todos,Todos,,8400.0,1,Secundaria,IDMC - Global Internal Displacement Database (GIDD),Global|SEN|||2022|Conflicto armado / violencia|Todos|Todos|IDMC - Global Internal Displacement Database (GIDD),False,SIN_DATO_ORIGEN
595,Global,SLB,Solomon Islands,,,2022,2022,Conflicto armado / violencia,Todos,Todos,,1000.0,1,Secundaria,IDMC - Global Internal Displacement Database (GIDD),Global|SLB|||2022|Conflicto armado / violencia|Todos|Todos|IDMC - Global Internal Displacement Database (GIDD),False,SIN_DATO_ORIGEN
602,Global,SRB,Serbia,,,2022,2022,Conflicto armado / violencia,Todos,Todos,,195000.0,1,Secundaria,IDMC - Global Internal Displacement Database (GIDD),Global|SRB|||2022|Conflicto armado / violencia|Todos|Todos|IDMC - Global Internal Displacement Database (GIDD),False,SIN_DATO_ORIGEN
637,Global,XKX,Kosovo,,,2022,2022,Conflicto armado / violencia,Todos,Todos,,16000.0,1,Secundaria,IDMC - Global Internal Displacement Database (GIDD),Global|XKX|||2022|Conflicto armado / violencia|Todos|Todos|IDMC - Global Internal Displacement Database (GIDD),False,SIN_DATO_ORIGEN
651,Global,ARM,Armenia,,,2021,2021,Conflicto armado / violencia,Todos,Todos,,800.0,1,Secundaria,IDMC - Global Internal Displacement Database (GIDD),Global|ARM|||2021|Conflicto armado / violencia|Todos|Todos|IDMC - Global Internal Displacement Database (GIDD),False,SIN_DATO_ORIGEN
654,Global,AZE,Azerbaijan,,,2021,2021,Conflicto armado / violencia,Todos,Todos,,655000.0,1,Secundaria,IDMC - Global Internal Displacement Database (GIDD),Global|AZE|||2021|Conflicto armado / violencia|Todos|Todos|IDMC - Global Internal Displacement Database (GIDD),False,SIN_DATO_ORIGEN
658,Global,BEN,Benin,,,2021,2021,Conflicto armado / violencia,Todos,Todos,,2700.0,1,Secundaria,IDMC - Global Internal Displacement Database (GIDD),Global|BEN|||2021|Conflicto armado / violencia|Todos|Todos|IDMC - Global Internal Displacement Database (GIDD),False,SIN_DATO_ORIGEN
661,Global,BGD,Bangladesh,,,2021,2021,Conflicto armado / violencia,Todos,Todos,,426000.0,1,Secundaria,IDMC - Global Internal Displacement Database (GIDD),Global|BGD|||2021|Conflicto armado / violencia|Todos|Todos|IDMC - Global Internal Displacement Database (GIDD),False,SIN_DATO_ORIGEN
664,Global,BIH,Bosnia And Herzegovina,,,2021,2021,Conflicto armado / violencia,Todos,Todos,,92000.0,1,Secundaria,IDMC - Global Internal Displacement Database (GIDD),Global|BIH|||2021|Conflicto armado / violencia|Todos|Todos|IDMC - Global Internal Displacement Database (GIDD),False,SIN_DATO_ORIGEN
676,Global,CIV,Côte D'Ivoire,,,2021,2021,Conflicto armado / violencia,Todos,Todos,,302000.0,1,Secundaria,IDMC - Global Internal Displacement Database (GIDD),Global|CIV|||2021|Conflicto armado / violencia|Todos|Todos|IDMC - Global Internal Displacement Database (GIDD),False,SIN_DATO_ORIGEN
681,Global,COG,Congo,,,2021,2021,Conflicto armado / violencia,Todos,Todos,,134000.0,1,Secundaria,IDMC - Global Internal Displacement Database (GIDD),Global|COG|||2021|Conflicto armado / violencia|Todos|Todos|IDMC - Global Internal Displacement Database (GIDD),False,SIN_DATO_ORIGEN
689,Global,CYP,Cyprus,,,2021,2021,Conflicto armado / violencia,Todos,Todos,,242000.0,1,Secundaria,IDMC - Global Internal Displacement Database (GIDD),Global|CYP|||2021|Conflicto armado / violencia|Todos|Todos|IDMC - Global Internal Displacement Database (GIDD),False,SIN_DATO_ORIGEN
703,Global,GEO,Georgia,,,2021,2021,Conflicto armado / violencia,Todos,Todos,,290000.0,1,Secundaria,IDMC - Global Internal Displacement Database (GIDD),Global|GEO|||2021|Conflicto armado / violencia|Todos|Todos|IDMC - Global Internal Displacement Database (GIDD),False,SIN_DATO_ORIGEN
716,Global,HRV,Croatia,,,2021,2021,Desastre natural / climático,Todos,Todos,,3000.0,1,Secundaria,IDMC - Global Internal Displacement Database (GIDD),Global|HRV|||2021|Desastre natural / climático|Todos|Todos|IDMC - Global Internal Displacement Database (GIDD),False,SIN_DATO_ORIGEN
743,Global,LBY,Libya,,,2021,2021,Conflicto armado / violencia,Todos,Todos,,160000.0,1,Secundaria,IDMC - Global Internal Displacement Database (GIDD),Global|LBY|||2021|Conflicto armado / violencia|Todos|Todos|IDMC - Global Internal Displacement Database (GIDD),False,SIN_DATO_ORIGEN
745,Global,LKA,Sri Lanka,,,2021,2021,Conflicto armado / violencia,Todos,Todos,,11000.0,1,Secundaria,IDMC - Global Internal Displacement Database (GIDD),Global|LKA|||2021|Conflicto armado / violencia|Todos|Todos|IDMC - Global Internal Displacement Database (GIDD),False,SIN_DATO_ORIGEN
755,Global,MKD,North Macedonia,,,2021,2021,Conflicto armado / violencia,Todos,Todos,,110.0,1,Secundaria,IDMC - Global Internal Displacement Database (GIDD),Global|MKD|||2021|Conflicto armado / violencia|Todos|Todos|IDMC - Global Internal Displacement Database (GIDD),False,SIN_DATO_ORIGEN
774,Global,NIC,Nicaragua,,,2021,2021,Conflicto armado / violencia,Todos,Todos,,1100.0,1,Secundaria,IDMC - Global Internal Displacement Database (GIDD),Global|NIC|||2021|Conflicto armado / violencia|Todos|Todos|IDMC - Global Internal Displacement Database (GIDD),False,SIN_DATO_ORIGEN
780,Global,PAK,Pakistan,,,2021,2021,Conflicto armado / violencia,Todos,Todos,,104000.0,1,Secundaria,IDMC - Global Internal Displacement Database (GIDD),Global|PAK|||2021|Conflicto armado / violencia|Todos|Todos|IDMC - Global Internal Displacement Database (GIDD),False,SIN_DATO_ORIGEN
783,Global,PER,Peru,,,2021,2021,Conflicto armado / violencia,Todos,Todos,,60000.0,1,Secundaria,IDMC - Global Internal Displacement Database (GIDD),Global|PER|||2021|Conflicto armado / violencia|Todos|Todos|IDMC - Global Internal Displacement Database (GIDD),False,SIN_DATO_ORIGEN
795,Global,RUS,Russia,,,2021,2021,Conflicto armado / violencia,Todos,Todos,,470.0,1,Secundaria,IDMC - Global Internal Displacement Database (GIDD),Global|RUS|||2021|Conflicto armado / violencia|Todos|Todos|IDMC - Global Internal Displacement Database (GIDD),False,SIN_DATO_ORIGEN
800,Global,SEN,Senegal,,,2021,2021,Conflicto armado / violencia,Todos,Todos,,8400.0,1,Secundaria,IDMC - Global Internal Displacement Database (GIDD),Global|SEN|||2021|Conflicto armado / violencia|Todos|Todos|IDMC - Global Internal Displacement Database (GIDD),False,SIN_DATO_ORIGEN
804,Global,SLE,Sierra Leone,,,2021,2021,Conflicto armado / violencia,Todos,Todos,,2500.0,1,Secundaria,IDMC - Global Internal Displacement Database (GIDD),Global|SLE|||2021|Conflicto armado / violencia|Todos|Todos|IDMC - Global Internal Displacement Database (GIDD),False,SIN_DATO_ORIGEN
837,Global,XKX,Kosovo,,,2021,2021,Conflicto armado / violencia,Todos,Todos,,16000.0,1,Secundaria,IDMC - Global Internal Displacement Database (GIDD),Global|XKX|||2021|Conflicto armado / violencia|Todos|Todos|IDMC - Global Internal Displacement Database (GIDD),False,SIN_DATO_ORIGEN
849,Global,ALB,Albania,,,2020,2020,Desastre natural / climático,Todos,Todos,,17000.0,1,Secundaria,IDMC - Global Internal Displacement Database (GIDD),Global|ALB|||2020|Desastre natural / climático|Todos|Todos|IDMC - Global Internal Displacement Database (GIDD),False,SIN_DATO_ORIGEN
853,Global,ARM,Armenia,,,2020,2020,Desastre natural / climático,Todos,Todos,,2700.0,1,Secundaria,IDMC - Global Internal Displacement Database (GIDD),Global|ARM|||2020|Desastre natural / climático|Todos|Todos|IDMC - Global Internal Displacement Database (GIDD),False,SIN_DATO_ORIGEN
859,Global,BEN,Benin,,,2020,2020,Conflicto armado / violencia,Todos,Todos,,3500.0,1,Secundaria,IDMC - Global Internal Displacement Database (GIDD),Global|BEN|||2020|Conflicto armado / violencia|Todos|Todos|IDMC - Global Internal Displacement Database (GIDD),False,SIN_DATO_ORIGEN
865,Global,BHS,Bahamas,,,2020,2020,Desastre natural / climático,Todos,Todos,,250.0,1,Secundaria,IDMC - Global Internal Displacement Database (GIDD),Global|BHS|||2020|Desastre natural / climático|Todos|Todos|IDMC - Global Internal Displacement Database (GIDD),False,SIN_DATO_ORIGEN
866,Global,BIH,Bosnia And Herzegovina,,,2020,2020,Conflicto armado / violencia,Todos,Todos,,99000.0,1,Secundaria,IDMC - Global Internal Displacement Database (GIDD),Global|BIH|||2020|Conflicto armado / violencia|Todos|Todos|IDMC - Global Internal Displacement Database (GIDD),False,SIN_DATO_ORIGEN
886,Global,COG,Congo,,,2020,2020,Conflicto armado / violencia,Todos,Todos,,134000.0,1,Secundaria,IDMC - Global Internal Displacement Database (GIDD),Global|COG|||2020|Conflicto armado / violencia|Todos|Todos|IDMC - Global Internal Displacement Database (GIDD),False,SIN_DATO_ORIGEN
892,Global,CYP,Cyprus,,,2020,2020,Conflicto armado / violencia,Todos,Todos,,228000.0,1,Secundaria,IDMC - Global Internal Displacement Database (GIDD),Global|CYP|||2020|Conflicto armado / violencia|Todos|Todos|IDMC - Global Internal Displacement Database (GIDD),False,SIN_DATO_ORIGEN
908,Global,GEO,Georgia,,,2020,2020,Conflicto armado / violencia,Todos,Todos,,289000.0,1,Secundaria,IDMC - Global Internal Displacement Database (GIDD),Global|GEO|||2020|Conflicto armado / violencia|Todos|Todos|IDMC - Global Internal Displacement Database (GIDD),False,SIN_DATO_ORIGEN
914,Global,GTM,Guatemala,,,2020,2020,Conflicto armado / violencia,Todos,Todos,,242000.0,1,Secundaria,IDMC - Global Internal Displacement Database (GIDD),Global|GTM|||2020|Conflicto armado / violencia|Todos|Todos|IDMC - Global Internal Displacement Database (GIDD),False,SIN_DATO_ORIGEN
918,Global,HND,Honduras,,,2020,2020,Conflicto armado / violencia,Todos,Todos,,247000.0,1,Secundaria,IDMC - Global Internal Displacement Database (GIDD),Global|HND|||2020|Conflicto armado / violencia|Todos|Todos|IDMC - Global Internal Displacement Database (GIDD),False,SIN_DATO_ORIGEN
946,Global,LBN,Lebanon,,,2020,2020,Conflicto armado / violencia,Todos,Todos,,7000.0,1,Secundaria,IDMC - Global Internal Displacement Database (GIDD),Global|LBN|||2020|Conflicto armado / violencia|Todos|Todos|IDMC - Global Internal Displacement Database (GIDD),False,SIN_DATO_ORIGEN
949,Global,LKA,Sri Lanka,,,2020,2020,Conflicto armado / violencia,Todos,Todos,,26000.0,1,Secundaria,IDMC - Global Internal Displacement Database (GIDD),Global|LKA|||2020|Conflicto armado / violencia|Todos|Todos|IDMC - Global Internal Displacement Database (GIDD),False,SIN_DATO_ORIGEN
957,Global,MKD,North Macedonia,,,2020,2020,Conflicto armado / violencia,Todos,Todos,,140.0,1,Secundaria,IDMC - Global Internal Displacement Database (GIDD),Global|MKD|||2020|Conflicto armado / violencia|Todos|Todos|IDMC - Global Internal Displacement Database (GIDD),False,SIN_DATO_ORIGEN
986,Global,PER,Peru,,,2020,2020,Conflicto armado / violencia,Todos,Todos,,60000.0,1,Secundaria,IDMC - Global Internal Displacement Database (GIDD),Global|PER|||2020|Conflicto armado / violencia|Todos|Todos|IDMC - Global Internal Displacement Database (GIDD),False,SIN_DATO_ORIGEN
990,Global,PNG,Papua New Guinea,,,2020,2020,Conflicto armado / violencia,Todos,Todos,,13000.0,1,Secundaria,IDMC - Global Internal Displacement Database (GIDD),Global|PNG|||2020|Conflicto armado / violencia|Todos|Todos|IDMC - Global Internal Displacement Database (GIDD),False,SIN_DATO_ORIGEN
1001,Global,RUS,Russia,,,2020,2020,Conflicto armado / violencia,Todos,Todos,,1100.0,1,Secundaria,IDMC - Global Internal Displacement Database (GIDD),Global|RUS|||2020|Conflicto armado / violencia|Todos|Todos|IDMC - Global Internal Displacement Database (GIDD),False,SIN_DATO_ORIGEN
1007,Global,SEN,Senegal,,,2020,2020,Conflicto armado / violencia,Todos,Todos,,8400.0,1,Secundaria,IDMC - Global Internal Displacement Database (GIDD),Global|SEN|||2020|Conflicto armado / violencia|Todos|Todos|IDMC - Global Internal Displacement Database (GIDD),False,SIN_DATO_ORIGEN
1010,Global,SLE,Sierra Leone,,,2020,2020,Conflicto armado / violencia,Todos,Todos,,2500.0,1,Secundaria,IDMC - Global Internal Displacement Database (GIDD),Global|SLE|||2020|Conflicto armado / violencia|Todos|Todos|IDMC - Global Internal Displacement Database (GIDD),False,SIN_DATO_ORIGEN
1015,Global,SRB,Serbia,,,2020,2020,Conflicto armado / violencia,Todos,Todos,,197000.0,1,Secundaria,IDMC - Global Internal Displacement Database (GIDD),Global|SRB|||2020|Conflicto armado / violencia|Todos|Todos|IDMC - Global Internal Displacement Database (GIDD),False,SIN_DATO_ORIGEN
1045,Global,XKX,Kosovo,,,2020,2020,Conflicto armado / violencia,Todos,Todos,,16000.0,1,Secundaria,IDMC - Global Internal Displacement Database (GIDD),Global|XKX|||2020|Conflicto armado / violencia|Todos|Todos|IDMC - Global Internal Displacement Database (GIDD),False,SIN_DATO_ORIGEN
1051,Global,AB9,Abyei Area,,,2019,2019,Conflicto armado / violencia,Todos,Todos,,31000.0,1,Secundaria,IDMC - Global Internal Displacement Database (GIDD),Global|AB9|||2019|Conflicto armado / violencia|Todos|Todos|IDMC - Global Internal Displacement Database (GIDD),False,SIN_DATO_ORIGEN
1061,Global,AZE,Azerbaijan,,,2019,2019,Conflicto armado / violencia,Todos,Todos,,651000.0,1,Secundaria,IDMC - Global Internal Displacement Database (GIDD),Global|AZE|||2019|Conflicto armado / violencia|Todos|Todos|IDMC - Global Internal Displacement Database (GIDD),False,SIN_DATO_ORIGEN
1066,Global,BEN,Benin,,,2019,2019,Conflicto armado / violencia,Todos,Todos,,3500.0,1,Secundaria,IDMC - Global Internal Displacement Database (GIDD),Global|BEN|||2019|Conflicto armado / violencia|Todos|Todos|IDMC - Global Internal Displacement Database (GIDD),False,SIN_DATO_ORIGEN
1072,Global,BIH,Bosnia And Herzegovina,,,2019,2019,Conflicto armado / violencia,Todos,Todos,,99000.0,1,Secundaria,IDMC - Global Internal Displacement Database (GIDD),Global|BIH|||2019|Conflicto armado / violencia|Todos|Todos|IDMC - Global Internal Displacement Database (GIDD),False,SIN_DATO_ORIGEN
1097,Global,CYP,Cyprus,,,2019,2019,Conflicto armado / violencia,Todos,Todos,,228000.0,1,Secundaria,IDMC - Global Internal Displacement Database (GIDD),Global|CYP|||2019|Conflicto armado / violencia|Todos|Todos|IDMC - Global Internal Displacement Database (GIDD),False,SIN_DATO_ORIGEN
1100,Global,DMA,Dominica,,,2019,2019,Desastre natural / climático,Todos,Todos,,2000.0,1,Secundaria,IDMC - Global Internal Displacement Database (GIDD),Global|DMA|||2019|Desastre natural / climático|Todos|Todos|IDMC - Global Internal Displacement Database (GIDD),False,SIN_DATO_ORIGEN
1111,Global,GEO,Georgia,,,2019,2019,Conflicto armado / violencia,Todos,Todos,,286000.0,1,Secundaria,IDMC - Global Internal Displacement Database (GIDD),Global|GEO|||2019|Conflicto armado / violencia|Todos|Todos|IDMC - Global Internal Displacement Database (GIDD),False,SIN_DATO_ORIGEN
1119,Global,GTM,Guatemala,,,2019,2019,Conflicto armado / violencia,Todos,Todos,,242000.0,1,Secundaria,IDMC - Global Internal Displacement Database (GIDD),Global|GTM|||2019|Conflicto armado / violencia|Todos|Todos|IDMC - Global Internal Displacement Database (GIDD),False,SIN_DATO_ORIGEN
1123,Global,HND,Honduras,,,2019,2019,Conflicto armado / violencia,Todos,Todos,,247000.0,1,Secundaria,IDMC - Global Internal Displacement Database (GIDD),Global|HND|||2019|Conflicto armado / violencia|Todos|Todos|IDMC - Global Internal Displacement Database (GIDD),False,SIN_DATO_ORIGEN
1146,Global,LBN,Lebanon,,,2019,2019,Conflicto armado / violencia,Todos,Todos,,7000.0,1,Secundaria,IDMC - Global Internal Displacement Database (GIDD),Global|LBN|||2019|Conflicto armado / violencia|Todos|Todos|IDMC - Global Internal Displacement Database (GIDD),False,SIN_DATO_ORIGEN
1161,Global,MKD,North Macedonia,,,2019,2019,Conflicto armado / violencia,Todos,Todos,,140.0,1,Secundaria,IDMC - Global Internal Displacement Database (GIDD),Global|MKD|||2019|Conflicto armado / violencia|Todos|Todos|IDMC - Global Internal Displacement Database (GIDD),False,SIN_DATO_ORIGEN
1204,Global,RUS,Russia,,,2019,2019,Conflicto armado / violencia,Todos,Todos,,1800.0,1,Secundaria,IDMC - Global Internal Displacement Database (GIDD),Global|RUS|||2019|Conflicto armado / violencia|Todos|Todos|IDMC - Global Internal Displacement Database (GIDD),False,SIN_DATO_ORIGEN
1210,Global,SEN,Senegal,,,2019,2019,Conflicto armado / violencia,Todos,Todos,,8400.0,1,Secundaria,IDMC - Global Internal Displacement Database (GIDD),Global|SEN|||2019|Conflicto armado / violencia|Todos|Todos|IDMC - Global Internal Displacement Database (GIDD),False,SIN_DATO_ORIGEN
1227,Global,THA,Thailand,,,2019,2019,Conflicto armado / violencia,Todos,Todos,,41000.0,1,Secundaria,IDMC - Global Internal Displacement Database (GIDD),Global|THA|||2019|Conflicto armado / violencia|Todos|Todos|IDMC - Global Internal Displacement Database (GIDD),False,SIN_DATO_ORIGEN
1245,Global,XKX,Kosovo,,,2019,2019,Conflicto armado / violencia,Todos,Todos,,16000.0,1,Secundaria,IDMC - Global Internal Displacement Database (GIDD),Global|XKX|||2019|Conflicto armado / violencia|Todos|Todos|IDMC - Global Internal Displacement Database (GIDD),False,SIN_DATO_ORIGEN
1261,Global,AZE,Azerbaijan,,,2018,2018,Conflicto armado / violencia,Todos,Todos,,644000.0,1,Secundaria,IDMC - Global Internal Displacement Database (GIDD),Global|AZE|||2018|Conflicto armado / violencia|Todos|Todos|IDMC - Global Internal Displacement Database (GIDD),False,SIN_DATO_ORIGEN
1274,Global,BIH,Bosnia And Herzegovina,,,2018,2018,Conflicto armado / violencia,Todos,Todos,,99000.0,1,Secundaria,IDMC - Global Internal Displacement Database (GIDD),Global|BIH|||2018|Conflicto armado / violencia|Todos|Todos|IDMC - Global Internal Displacement Database (GIDD),False,SIN_DATO_ORIGEN
1289,Global,COG,Congo,,,2018,2018,Conflicto armado / violencia,Todos,Todos,,107000.0,1,Secundaria,IDMC - Global Internal Displacement Database (GIDD),Global|COG|||2018|Conflicto armado / violencia|Todos|Todos|IDMC - Global Internal Displacement Database (GIDD),False,SIN_DATO_ORIGEN
1294,Global,CYP,Cyprus,,,2018,2018,Conflicto armado / violencia,Todos,Todos,,228000.0,1,Secundaria,IDMC - Global Internal Displacement Database (GIDD),Global|CYP|||2018|Conflicto armado / violencia|Todos|Todos|IDMC - Global Internal Displacement Database (GIDD),False,SIN_DATO_ORIGEN
1313,Global,GEO,Georgia,,,2018,2018,Conflicto armado / violencia,Todos,Todos,,278000.0,1,Secundaria,IDMC - Global Internal Displacement Database (GIDD),Global|GEO|||2018|Conflicto armado / violencia|Todos|Todos|IDMC - Global Internal Displacement Database (GIDD),False,SIN_DATO_ORIGEN
1322,Global,GTM,Guatemala,,,2018,2018,Conflicto armado / violencia,Todos,Todos,,242000.0,1,Secundaria,IDMC - Global Internal Displacement Database (GIDD),Global|GTM|||2018|Conflicto armado / violencia|Todos|Todos|IDMC - Global Internal Displacement Database (GIDD),False,SIN_DATO_ORIGEN
1351,Global,LBN,Lebanon,,,2018,2018,Conflicto armado / violencia,Todos,Todos,,11000.0,1,Secundaria,IDMC - Global Internal Displacement Database (GIDD),Global|LBN|||2018|Conflicto armado / violencia|Todos|Todos|IDMC - Global Internal Displacement Database (GIDD),False,SIN_DATO_ORIGEN
1364,Global,MKD,North Macedonia,,,2018,2018,Conflicto armado / violencia,Todos,Todos,,140.0,1,Secundaria,IDMC - Global Internal Displacement Database (GIDD),Global|MKD|||2018|Conflicto armado / violencia|Todos|Todos|IDMC - Global Internal Displacement Database (GIDD),False,SIN_DATO_ORIGEN
1391,Global,PER,Peru,,,2018,2018,Conflicto armado / violencia,Todos,Todos,,59000.0,1,Secundaria,IDMC - Global Internal Displacement Database (GIDD),Global|PER|||2018|Conflicto armado / violencia|Todos|Todos|IDMC - Global Internal Displacement Database (GIDD),False,SIN_DATO_ORIGEN
1395,Global,PNG,Papua New Guinea,,,2018,2018,Conflicto armado / violencia,Todos,Todos,,12000.0,1,Secundaria,IDMC - Global Internal Displacement Database (GIDD),Global|PNG|||2018|Conflicto armado / violencia|Todos|Todos|IDMC - Global Internal Displacement Database (GIDD),False,SIN_DATO_ORIGEN
1403,Global,RUS,Russia,,,2018,2018,Conflicto armado / violencia,Todos,Todos,,2300.0,1,Secundaria,IDMC - Global Internal Displacement Database (GIDD),Global|RUS|||2018|Conflicto armado / violencia|Todos|Todos|IDMC - Global Internal Displacement Database (GIDD),False,SIN_DATO_ORIGEN
1409,Global,SEN,Senegal,,,2018,2018,Conflicto armado / violencia,Todos,Todos,,18000.0,1,Secundaria,IDMC - Global Internal Displacement Database (GIDD),Global|SEN|||2018|Conflicto armado / violencia|Todos|Todos|IDMC - Global Internal Displacement Database (GIDD),False,SIN_DATO_ORIGEN
1426,Global,TCD,Chad,,,2018,2018,Conflicto armado / violencia,Todos,Todos,,90000.0,1,Secundaria,IDMC - Global Internal Displacement Database (GIDD),Global|TCD|||2018|Conflicto armado / violencia|Todos|Todos|IDMC - Global Internal Displacement Database (GIDD),False,SIN_DATO_ORIGEN
1428,Global,THA,Thailand,,,2018,2018,Conflicto armado / violencia,Todos,Todos,,41000.0,1,Secundaria,IDMC - Global Internal Displacement Database (GIDD),Global|THA|||2018|Conflicto armado / violencia|Todos|Todos|IDMC - Global Internal Displacement Database (GIDD),False,SIN_DATO_ORIGEN
1434,Global,TUR,Türkiye,,,2018,2018,Conflicto armado / violencia,Todos,Todos,,144000.0,1,Secundaria,IDMC - Global Internal Displacement Database (GIDD),Global|TUR|||2018|Conflicto armado / violencia|Todos|Todos|IDMC - Global Internal Displacement Database (GIDD),False,SIN_DATO_ORIGEN
1447,Global,XKX,Kosovo,,,2018,2018,Conflicto armado / violencia,Todos,Todos,,16000.0,1,Secundaria,IDMC - Global Internal Displacement Database (GIDD),Global|XKX|||2018|Conflicto armado / violencia|Todos|Todos|IDMC - Global Internal Displacement Database (GIDD),False,SIN_DATO_ORIGEN
1453,Global,AB9,Abyei Area,,,2017,2017,Conflicto armado / violencia,Todos,Todos,,31000.0,1,Secundaria,IDMC - Global Internal Displacement Database (GIDD),Global|AB9|||2017|Conflicto armado / violencia|Todos|Todos|IDMC - Global Internal Displacement Database (GIDD),False,SIN_DATO_ORIGEN
1463,Global,AZE,Azerbaijan,,,2017,2017,Conflicto armado / violencia,Todos,Todos,,643000.0,1,Secundaria,IDMC - Global Internal Displacement Database (GIDD),Global|AZE|||2017|Conflicto armado / violencia|Todos|Todos|IDMC - Global Internal Displacement Database (GIDD),False,SIN_DATO_ORIGEN
1473,Global,BIH,Bosnia And Herzegovina,,,2017,2017,Conflicto armado / violencia,Todos,Todos,,99000.0,1,Secundaria,IDMC - Global Internal Displacement Database (GIDD),Global|BIH|||2017|Conflicto armado / violencia|Todos|Todos|IDMC - Global Internal Displacement Database (GIDD),False,SIN_DATO_ORIGEN
1494,Global,CYP,Cyprus,,,2017,2017,Conflicto armado / violencia,Todos,Todos,,217000.0,1,Secundaria,IDMC - Global Internal Displacement Database (GIDD),Global|CYP|||2017|Conflicto armado / violencia|Todos|Todos|IDMC - Global Internal Displacement Database (GIDD),False,SIN_DATO_ORIGEN
1507,Global,GEO,Georgia,,,2017,2017,Conflicto armado / violencia,Todos,Todos,,233000.0,1,Secundaria,IDMC - Global Internal Displacement Database (GIDD),Global|GEO|||2017|Conflicto armado / violencia|Todos|Todos|IDMC - Global Internal Displacement Database (GIDD),False,SIN_DATO_ORIGEN
1519,Global,HND,Honduras,,,2017,2017,Conflicto armado / violencia,Todos,Todos,,190000.0,1,Secundaria,IDMC - Global Internal Displacement Database (GIDD),Global|HND|||2017|Conflicto armado / violencia|Todos|Todos|IDMC - Global Internal Displacement Database (GIDD),False,SIN_DATO_ORIGEN
1548,Global,LKA,Sri Lanka,,,2017,2017,Conflicto armado / violencia,Todos,Todos,,42000.0,1,Secundaria,IDMC - Global Internal Displacement Database (GIDD),Global|LKA|||2017|Conflicto armado / violencia|Todos|Todos|IDMC - Global Internal Displacement Database (GIDD),False,SIN_DATO_ORIGEN
1555,Global,MKD,North Macedonia,,,2017,2017,Conflicto armado / violencia,Todos,Todos,,140.0,1,Secundaria,IDMC - Global Internal Displacement Database (GIDD),Global|MKD|||2017|Conflicto armado / violencia|Todos|Todos|IDMC - Global Internal Displacement Database (GIDD),False,SIN_DATO_ORIGEN
1582,Global,PER,Peru,,,2017,2017,Conflicto armado / violencia,Todos,Todos,,59000.0,1,Secundaria,IDMC - Global Internal Displacement Database (GIDD),Global|PER|||2017|Conflicto armado / violencia|Todos|Todos|IDMC - Global Internal Displacement Database (GIDD),False,SIN_DATO_ORIGEN
1586,Global,PNG,Papua New Guinea,,,2017,2017,Conflicto armado / violencia,Todos,Todos,,12000.0,1,Secundaria,IDMC - Global Internal Displacement Database (GIDD),Global|PNG|||2017|Conflicto armado / violencia|Todos|Todos|IDMC - Global Internal Displacement Database (GIDD),False,SIN_DATO_ORIGEN
1594,Global,RUS,Russia,,,2017,2017,Conflicto armado / violencia,Todos,Todos,,19000.0,1,Secundaria,IDMC - Global Internal Displacement Database (GIDD),Global|RUS|||2017|Conflicto armado / violencia|Todos|Todos|IDMC - Global Internal Displacement Database (GIDD),False,SIN_DATO_ORIGEN
1600,Global,SEN,Senegal,,,2017,2017,Conflicto armado / violencia,Todos,Todos,,22000.0,1,Secundaria,IDMC - Global Internal Displacement Database (GIDD),Global|SEN|||2017|Conflicto armado / violencia|Todos|Todos|IDMC - Global Internal Displacement Database (GIDD),False,SIN_DATO_ORIGEN
1619,Global,THA,Thailand,,,2017,2017,Conflicto armado / violencia,Todos,Todos,,41000.0,1,Secundaria,IDMC - Global Internal Displacement Database (GIDD),Global|THA|||2017|Conflicto armado / violencia|Todos|Todos|IDMC - Global Internal Displacement Database (GIDD),False,SIN_DATO_ORIGEN
1624,Global,TUR,Türkiye,,,2017,2017,Conflicto armado / violencia,Todos,Todos,,159000.0,1,Secundaria,IDMC - Global Internal Displacement Database (GIDD),Global|TUR|||2017|Conflicto armado / violencia|Todos|Todos|IDMC - Global Internal Displacement Database (GIDD),False,SIN_DATO_ORIGEN
1638,Global,XKX,Kosovo,,,2017,2017,Conflicto armado / violencia,Todos,Todos,,16000.0,1,Secundaria,IDMC - Global Internal Displacement Database (GIDD),Global|XKX|||2017|Conflicto armado / violencia|Todos|Todos|IDMC - Global Internal Displacement Database (GIDD),False,SIN_DATO_ORIGEN
1644,Global,AB9,Abyei Area,,,2016,2016,Conflicto armado / violencia,Todos,Todos,,20000.0,1,Secundaria,IDMC - Global Internal Displacement Database (GIDD),Global|AB9|||2016|Conflicto armado / violencia|Todos|Todos|IDMC - Global Internal Displacement Database (GIDD),False,SIN_DATO_ORIGEN
1650,Global,ARM,Armenia,,,2016,2016,Conflicto armado / violencia,Todos,Todos,,8400.0,1,Secundaria,IDMC - Global Internal Displacement Database (GIDD),Global|ARM|||2016|Conflicto armado / violencia|Todos|Todos|IDMC - Global Internal Displacement Database (GIDD),False,SIN_DATO_ORIGEN
1653,Global,AZE,Azerbaijan,,,2016,2016,Conflicto armado / violencia,Todos,Todos,,582000.0,1,Secundaria,IDMC - Global Internal Displacement Database (GIDD),Global|AZE|||2016|Conflicto armado / violencia|Todos|Todos|IDMC - Global Internal Displacement Database (GIDD),False,SIN_DATO_ORIGEN
1659,Global,BGD,Bangladesh,,,2016,2016,Conflicto armado / violencia,Todos,Todos,,426000.0,1,Secundaria,IDMC - Global Internal Displacement Database (GIDD),Global|BGD|||2016|Conflicto armado / violencia|Todos|Todos|IDMC - Global Internal Displacement Database (GIDD),False,SIN_DATO_ORIGEN
1663,Global,BIH,Bosnia And Herzegovina,,,2016,2016,Conflicto armado / violencia,Todos,Todos,,98000.0,1,Secundaria,IDMC - Global Internal Displacement Database (GIDD),Global|BIH|||2016|Conflicto armado / violencia|Todos|Todos|IDMC - Global Internal Displacement Database (GIDD),False,SIN_DATO_ORIGEN
1674,Global,CIV,Côte D'Ivoire,,,2016,2016,Conflicto armado / violencia,Todos,Todos,,301000.0,1,Secundaria,IDMC - Global Internal Displacement Database (GIDD),Global|CIV|||2016|Conflicto armado / violencia|Todos|Todos|IDMC - Global Internal Displacement Database (GIDD),False,SIN_DATO_ORIGEN
1685,Global,CYP,Cyprus,,,2016,2016,Conflicto armado / violencia,Todos,Todos,,272000.0,1,Secundaria,IDMC - Global Internal Displacement Database (GIDD),Global|CYP|||2016|Conflicto armado / violencia|Todos|Todos|IDMC - Global Internal Displacement Database (GIDD),False,SIN_DATO_ORIGEN
1692,Global,EGY,Egypt,,,2016,2016,Conflicto armado / violencia,Todos,Todos,,9100.0,1,Secundaria,IDMC - Global Internal Displacement Database (GIDD),Global|EGY|||2016|Conflicto armado / violencia|Todos|Todos|IDMC - Global Internal Displacement Database (GIDD),False,SIN_DATO_ORIGEN
1700,Global,GEO,Georgia,,,2016,2016,Conflicto armado / violencia,Todos,Todos,,229000.0,1,Secundaria,IDMC - Global Internal Displacement Database (GIDD),Global|GEO|||2016|Conflicto armado / violencia|Todos|Todos|IDMC - Global Internal Displacement Database (GIDD),False,SIN_DATO_ORIGEN
1711,Global,IDN,Indonesia,,,2016,2016,Conflicto armado / violencia,Todos,Todos,,6700.0,1,Secundaria,IDMC - Global Internal Displacement Database (GIDD),Global|IDN|||2016|Conflicto armado / violencia|Todos|Todos|IDMC - Global Internal Displacement Database (GIDD),False,SIN_DATO_ORIGEN
1723,Global,KEN,Kenya,,,2016,2016,Conflicto armado / violencia,Todos,Todos,,138000.0,1,Secundaria,IDMC - Global Internal Displacement Database (GIDD),Global|KEN|||2016|Conflicto armado / violencia|Todos|Todos|IDMC - Global Internal Displacement Database (GIDD),False,SIN_DATO_ORIGEN
1733,Global,LKA,Sri Lanka,,,2016,2016,Conflicto armado / violencia,Todos,Todos,,44000.0,1,Secundaria,IDMC - Global Internal Displacement Database (GIDD),Global|LKA|||2016|Conflicto armado / violencia|Todos|Todos|IDMC - Global Internal Displacement Database (GIDD),False,SIN_DATO_ORIGEN
1738,Global,MKD,North Macedonia,,,2016,2016,Conflicto armado / violencia,Todos,Todos,,150.0,1,Secundaria,IDMC - Global Internal Displacement Database (GIDD),Global|MKD|||2016|Conflicto armado / violencia|Todos|Todos|IDMC - Global Internal Displacement Database (GIDD),False,SIN_DATO_ORIGEN
1755,Global,NPL,Nepal,,,2016,2016,Conflicto armado / violencia,Todos,Todos,,50000.0,1,Secundaria,IDMC - Global Internal Displacement Database (GIDD),Global|NPL|||2016|Conflicto armado / violencia|Todos|Todos|IDMC - Global Internal Displacement Database (GIDD),False,SIN_DATO_ORIGEN
1761,Global,PER,Peru,,,2016,2016,Conflicto armado / violencia,Todos,Todos,,62000.0,1,Secundaria,IDMC - Global Internal Displacement Database (GIDD),Global|PER|||2016|Conflicto armado / violencia|Todos|Todos|IDMC - Global Internal Displacement Database (GIDD),False,SIN_DATO_ORIGEN
1773,Global,RUS,Russia,,,2016,2016,Conflicto armado / violencia,Todos,Todos,,19000.0,1,Secundaria,IDMC - Global Internal Displacement Database (GIDD),Global|RUS|||2016|Conflicto armado / violencia|Todos|Todos|IDMC - Global Internal Displacement Database (GIDD),False,SIN_DATO_ORIGEN
1779,Global,SEN,Senegal,,,2016,2016,Conflicto armado / violencia,Todos,Todos,,24000.0,1,Secundaria,IDMC - Global Internal Displacement Database (GIDD),Global|SEN|||2016|Conflicto armado / violencia|Todos|Todos|IDMC - Global Internal Displacement Database (GIDD),False,SIN_DATO_ORIGEN
1793,Global,TGO,Togo,,,2016,2016,Conflicto armado / violencia,Todos,Todos,,1500.0,1,Secundaria,IDMC - Global Internal Displacement Database (GIDD),Global|TGO|||2016|Conflicto armado / violencia|Todos|Todos|IDMC - Global Internal Displacement Database (GIDD),False,SIN_DATO_ORIGEN
1794,Global,THA,Thailand,,,2016,2016,Conflicto armado / violencia,Todos,Todos,,35000.0,1,Secundaria,IDMC - Global Internal Displacement Database (GIDD),Global|THA|||2016|Conflicto armado / violencia|Todos|Todos|IDMC - Global Internal Displacement Database (GIDD),False,SIN_DATO_ORIGEN
1813,Global,XKX,Kosovo,,,2016,2016,Conflicto armado / violencia,Todos,Todos,,17000.0,1,Secundaria,IDMC - Global Internal Displacement Database (GIDD),Global|XKX|||2016|Conflicto armado / violencia|Todos|Todos|IDMC - Global Internal Displacement Database (GIDD),False,SIN_DATO_ORIGEN
1819,Global,AB9,Abyei Area,,,2015,2015,Conflicto armado / violencia,Todos,Todos,,82000.0,1,Secundaria,IDMC - Global Internal Displacement Database (GIDD),Global|AB9|||2015|Conflicto armado / violencia|Todos|Todos|IDMC - Global Internal Displacement Database (GIDD),False,SIN_DATO_ORIGEN
1825,Global,ARM,Armenia,,,2015,2015,Conflicto armado / violencia,Todos,Todos,,8400.0,1,Secundaria,IDMC - Global Internal Displacement Database (GIDD),Global|ARM|||2015|Conflicto armado / violencia|Todos|Todos|IDMC - Global Internal Displacement Database (GIDD),False,SIN_DATO_ORIGEN
1827,Global,AZE,Azerbaijan,,,2015,2015,Conflicto armado / violencia,Todos,Todos,,564000.0,1,Secundaria,IDMC - Global Internal Displacement Database (GIDD),Global|AZE|||2015|Conflicto armado / violencia|Todos|Todos|IDMC - Global Internal Displacement Database (GIDD),False,SIN_DATO_ORIGEN
1831,Global,BGD,Bangladesh,,,2015,2015,Conflicto armado / violencia,Todos,Todos,,426000.0,1,Secundaria,IDMC - Global Internal Displacement Database (GIDD),Global|BGD|||2015|Conflicto armado / violencia|Todos|Todos|IDMC - Global Internal Displacement Database (GIDD),False,SIN_DATO_ORIGEN
1835,Global,BIH,Bosnia And Herzegovina,,,2015,2015,Conflicto armado / violencia,Todos,Todos,,98000.0,1,Secundaria,IDMC - Global Internal Displacement Database (GIDD),Global|BIH|||2015|Conflicto armado / violencia|Todos|Todos|IDMC - Global Internal Displacement Database (GIDD),False,SIN_DATO_ORIGEN
1853,Global,COG,Congo,,,2015,2015,Conflicto armado / violencia,Todos,Todos,,7800.0,1,Secundaria,IDMC - Global Internal Displacement Database (GIDD),Global|COG|||2015|Conflicto armado / violencia|Todos|Todos|IDMC - Global Internal Displacement Database (GIDD),False,SIN_DATO_ORIGEN
1859,Global,CYP,Cyprus,,,2015,2015,Conflicto armado / violencia,Todos,Todos,,272000.0,1,Secundaria,IDMC - Global Internal Displacement Database (GIDD),Global|CYP|||2015|Conflicto armado / violencia|Todos|Todos|IDMC - Global Internal Displacement Database (GIDD),False,SIN_DATO_ORIGEN
1872,Global,GEO,Georgia,,,2015,2015,Conflicto armado / violencia,Todos,Todos,,239000.0,1,Secundaria,IDMC - Global Internal Displacement Database (GIDD),Global|GEO|||2015|Conflicto armado / violencia|Todos|Todos|IDMC - Global Internal Displacement Database (GIDD),False,SIN_DATO_ORIGEN
1877,Global,GTM,Guatemala,,,2015,2015,Conflicto armado / violencia,Todos,Todos,,251000.0,1,Secundaria,IDMC - Global Internal Displacement Database (GIDD),Global|GTM|||2015|Conflicto armado / violencia|Todos|Todos|IDMC - Global Internal Displacement Database (GIDD),False,SIN_DATO_ORIGEN
1879,Global,HND,Honduras,,,2015,2015,Conflicto armado / violencia,Todos,Todos,,174000.0,1,Secundaria,IDMC - Global Internal Displacement Database (GIDD),Global|HND|||2015|Conflicto armado / violencia|Todos|Todos|IDMC - Global Internal Displacement Database (GIDD),False,SIN_DATO_ORIGEN
1894,Global,KEN,Kenya,,,2015,2015,Conflicto armado / violencia,Todos,Todos,,309000.0,1,Secundaria,IDMC - Global Internal Displacement Database (GIDD),Global|KEN|||2015|Conflicto armado / violencia|Todos|Todos|IDMC - Global Internal Displacement Database (GIDD),False,SIN_DATO_ORIGEN
1903,Global,LKA,Sri Lanka,,,2015,2015,Conflicto armado / violencia,Todos,Todos,,44000.0,1,Secundaria,IDMC - Global Internal Displacement Database (GIDD),Global|LKA|||2015|Conflicto armado / violencia|Todos|Todos|IDMC - Global Internal Displacement Database (GIDD),False,SIN_DATO_ORIGEN
1908,Global,MKD,North Macedonia,,,2015,2015,Conflicto armado / violencia,Todos,Todos,,200.0,1,Secundaria,IDMC - Global Internal Displacement Database (GIDD),Global|MKD|||2015|Conflicto armado / violencia|Todos|Todos|IDMC - Global Internal Displacement Database (GIDD),False,SIN_DATO_ORIGEN
1909,Global,MLI,Mali,,,2015,2015,Conflicto armado / violencia,Todos,Todos,,50000.0,1,Secundaria,IDMC - Global Internal Displacement Database (GIDD),Global|MLI|||2015|Conflicto armado / violencia|Todos|Todos|IDMC - Global Internal Displacement Database (GIDD),False,SIN_DATO_ORIGEN
1925,Global,NPL,Nepal,,,2015,2015,Conflicto armado / violencia,Todos,Todos,,50000.0,1,Secundaria,IDMC - Global Internal Displacement Database (GIDD),Global|NPL|||2015|Conflicto armado / violencia|Todos|Todos|IDMC - Global Internal Displacement Database (GIDD),False,SIN_DATO_ORIGEN
1928,Global,PAK,Pakistan,,,2015,2015,Conflicto armado / violencia,Todos,Todos,,1459000.0,1,Secundaria,IDMC - Global Internal Displacement Database (GIDD),Global|PAK|||2015|Conflicto armado / violencia|Todos|Todos|IDMC - Global Internal Displacement Database (GIDD),False,SIN_DATO_ORIGEN
1931,Global,PER,Peru,,,2015,2015,Conflicto armado / violencia,Todos,Todos,,60000.0,1,Secundaria,IDMC - Global Internal Displacement Database (GIDD),Global|PER|||2015|Conflicto armado / violencia|Todos|Todos|IDMC - Global Internal Displacement Database (GIDD),False,SIN_DATO_ORIGEN
1935,Global,PNG,Papua New Guinea,,,2015,2015,Conflicto armado / violencia,Todos,Todos,,6300.0,1,Secundaria,IDMC - Global Internal Displacement Database (GIDD),Global|PNG|||2015|Conflicto armado / violencia|Todos|Todos|IDMC - Global Internal Displacement Database (GIDD),False,SIN_DATO_ORIGEN
1942,Global,RUS,Russia,,,2015,2015,Conflicto armado / violencia,Todos,Todos,,27000.0,1,Secundaria,IDMC - Global Internal Displacement Database (GIDD),Global|RUS|||2015|Conflicto armado / violencia|Todos|Todos|IDMC - Global Internal Displacement Database (GIDD),False,SIN_DATO_ORIGEN
1947,Global,SEN,Senegal,,,2015,2015,Conflicto armado / violencia,Todos,Todos,,24000.0,1,Secundaria,IDMC - Global Internal Displacement Database (GIDD),Global|SEN|||2015|Conflicto armado / violencia|Todos|Todos|IDMC - Global Internal Displacement Database (GIDD),False,SIN_DATO_ORIGEN
1958,Global,TGO,Togo,,,2015,2015,Conflicto armado / violencia,Todos,Todos,,3000.0,1,Secundaria,IDMC - Global Internal Displacement Database (GIDD),Global|TGO|||2015|Conflicto armado / violencia|Todos|Todos|IDMC - Global Internal Displacement Database (GIDD),False,SIN_DATO_ORIGEN
1960,Global,THA,Thailand,,,2015,2015,Conflicto armado / violencia,Todos,Todos,,35000.0,1,Secundaria,IDMC - Global Internal Displacement Database (GIDD),Global|THA|||2015|Conflicto armado / violencia|Todos|Todos|IDMC - Global Internal Displacement Database (GIDD),False,SIN_DATO_ORIGEN
1965,Global,TUR,Türkiye,,,2015,2015,Conflicto armado / violencia,Todos,Todos,,954000.0,1,Secundaria,IDMC - Global Internal Displacement Database (GIDD),Global|TUR|||2015|Conflicto armado / violencia|Todos|Todos|IDMC - Global Internal Displacement Database (GIDD),False,SIN_DATO_ORIGEN
1970,Global,UGA,Uganda,,,2015,2015,Conflicto armado / violencia,Todos,Todos,,30000.0,1,Secundaria,IDMC - Global Internal Displacement Database (GIDD),Global|UGA|||2015|Conflicto armado / violencia|Todos|Todos|IDMC - Global Internal Displacement Database (GIDD),False,SIN_DATO_ORIGEN
1979,Global,XKX,Kosovo,,,2015,2015,Conflicto armado / violencia,Todos,Todos,,17000.0,1,Secundaria,IDMC - Global Internal Displacement Database (GIDD),Global|XKX|||2015|Conflicto armado / violencia|Todos|Todos|IDMC - Global Internal Displacement Database (GIDD),False,SIN_DATO_ORIGEN
1985,Global,AB9,Abyei Area,,,2014,2014,Conflicto armado / violencia,Todos,Todos,,20000.0,1,Secundaria,IDMC - Global Internal Displacement Database (GIDD),Global|AB9|||2014|Conflicto armado / violencia|Todos|Todos|IDMC - Global Internal Displacement Database (GIDD),False,SIN_DATO_ORIGEN
1990,Global,ARM,Armenia,,,2014,2014,Conflicto armado / violencia,Todos,Todos,,8400.0,1,Secundaria,IDMC - Global Internal Displacement Database (GIDD),Global|ARM|||2014|Conflicto armado / violencia|Todos|Todos|IDMC - Global Internal Displacement Database (GIDD),False,SIN_DATO_ORIGEN
1992,Global,AZE,Azerbaijan,,,2014,2014,Conflicto armado / violencia,Todos,Todos,,569000.0,1,Secundaria,IDMC - Global Internal Displacement Database (GIDD),Global|AZE|||2014|Conflicto armado / violencia|Todos|Todos|IDMC - Global Internal Displacement Database (GIDD),False,SIN_DATO_ORIGEN
1993,Global,BDI,Burundi,,,2014,2014,Conflicto armado / violencia,Todos,Todos,,78000.0,1,Secundaria,IDMC - Global Internal Displacement Database (GIDD),Global|BDI|||2014|Conflicto armado / violencia|Todos|Todos|IDMC - Global Internal Displacement Database (GIDD),False,SIN_DATO_ORIGEN
1995,Global,BGD,Bangladesh,,,2014,2014,Conflicto armado / violencia,Todos,Todos,,426000.0,1,Secundaria,IDMC - Global Internal Displacement Database (GIDD),Global|BGD|||2014|Conflicto armado / violencia|Todos|Todos|IDMC - Global Internal Displacement Database (GIDD),False,SIN_DATO_ORIGEN
1998,Global,BIH,Bosnia And Herzegovina,,,2014,2014,Conflicto armado / violencia,Todos,Todos,,100000.0,1,Secundaria,IDMC - Global Internal Displacement Database (GIDD),Global|BIH|||2014|Conflicto armado / violencia|Todos|Todos|IDMC - Global Internal Displacement Database (GIDD),False,SIN_DATO_ORIGEN
2015,Global,COG,Congo,,,2014,2014,Conflicto armado / violencia,Todos,Todos,,7800.0,1,Secundaria,IDMC - Global Internal Displacement Database (GIDD),Global|COG|||2014|Conflicto armado / violencia|Todos|Todos|IDMC - Global Internal Displacement Database (GIDD),False,SIN_DATO_ORIGEN
2020,Global,CYP,Cyprus,,,2014,2014,Conflicto armado / violencia,Todos,Todos,,212000.0,1,Secundaria,IDMC - Global Internal Displacement Database (GIDD),Global|CYP|||2014|Conflicto armado / violencia|Todos|Todos|IDMC - Global Internal Displacement Database (GIDD),False,SIN_DATO_ORIGEN
2026,Global,ERI,Eritrea,,,2014,2014,Conflicto armado / violencia,Todos,Todos,,10000.0,1,Secundaria,IDMC - Global Internal Displacement Database (GIDD),Global|ERI|||2014|Conflicto armado / violencia|Todos|Todos|IDMC - Global Internal Displacement Database (GIDD),False,SIN_DATO_ORIGEN
2033,Global,GEO,Georgia,,,2014,2014,Conflicto armado / violencia,Todos,Todos,,233000.0,1,Secundaria,IDMC - Global Internal Displacement Database (GIDD),Global|GEO|||2014|Conflicto armado / violencia|Todos|Todos|IDMC - Global Internal Displacement Database (GIDD),False,SIN_DATO_ORIGEN
2038,Global,HND,Honduras,,,2014,2014,Conflicto armado / violencia,Todos,Todos,,29000.0,1,Secundaria,IDMC - Global Internal Displacement Database (GIDD),Global|HND|||2014|Conflicto armado / violencia|Todos|Todos|IDMC - Global Internal Displacement Database (GIDD),False,SIN_DATO_ORIGEN
2057,Global,LBN,Lebanon,,,2014,2014,Conflicto armado / violencia,Todos,Todos,,20000.0,1,Secundaria,IDMC - Global Internal Displacement Database (GIDD),Global|LBN|||2014|Conflicto armado / violencia|Todos|Todos|IDMC - Global Internal Displacement Database (GIDD),False,SIN_DATO_ORIGEN
2059,Global,LBR,Liberia,,,2014,2014,Conflicto armado / violencia,Todos,Todos,,23000.0,1,Secundaria,IDMC - Global Internal Displacement Database (GIDD),Global|LBR|||2014|Conflicto armado / violencia|Todos|Todos|IDMC - Global Internal Displacement Database (GIDD),False,SIN_DATO_ORIGEN
2062,Global,LKA,Sri Lanka,,,2014,2014,Conflicto armado / violencia,Todos,Todos,,90000.0,1,Secundaria,IDMC - Global Internal Displacement Database (GIDD),Global|LKA|||2014|Conflicto armado / violencia|Todos|Todos|IDMC - Global Internal Displacement Database (GIDD),False,SIN_DATO_ORIGEN
2070,Global,MKD,North Macedonia,,,2014,2014,Conflicto armado / violencia,Todos,Todos,,220.0,1,Secundaria,IDMC - Global Internal Displacement Database (GIDD),Global|MKD|||2014|Conflicto armado / violencia|Todos|Todos|IDMC - Global Internal Displacement Database (GIDD),False,SIN_DATO_ORIGEN
2078,Global,NER,Niger,,,2014,2014,Conflicto armado / violencia,Todos,Todos,,11000.0,1,Secundaria,IDMC - Global Internal Displacement Database (GIDD),Global|NER|||2014|Conflicto armado / violencia|Todos|Todos|IDMC - Global Internal Displacement Database (GIDD),False,SIN_DATO_ORIGEN
2084,Global,NPL,Nepal,,,2014,2014,Conflicto armado / violencia,Todos,Todos,,50000.0,1,Secundaria,IDMC - Global Internal Displacement Database (GIDD),Global|NPL|||2014|Conflicto armado / violencia|Todos|Todos|IDMC - Global Internal Displacement Database (GIDD),False,SIN_DATO_ORIGEN
2089,Global,PER,Peru,,,2014,2014,Conflicto armado / violencia,Todos,Todos,,150000.0,1,Secundaria,IDMC - Global Internal Displacement Database (GIDD),Global|PER|||2014|Conflicto armado / violencia|Todos|Todos|IDMC - Global Internal Displacement Database (GIDD),False,SIN_DATO_ORIGEN
2099,Global,RUS,Russia,,,2014,2014,Conflicto armado / violencia,Todos,Todos,,25000.0,1,Secundaria,IDMC - Global Internal Displacement Database (GIDD),Global|RUS|||2014|Conflicto armado / violencia|Todos|Todos|IDMC - Global Internal Displacement Database (GIDD),False,SIN_DATO_ORIGEN
2103,Global,SEN,Senegal,,,2014,2014,Conflicto armado / violencia,Todos,Todos,,24000.0,1,Secundaria,IDMC - Global Internal Displacement Database (GIDD),Global|SEN|||2014|Conflicto armado / violencia|Todos|Todos|IDMC - Global Internal Displacement Database (GIDD),False,SIN_DATO_ORIGEN
2109,Global,SRB,Serbia,,,2014,2014,Conflicto armado / violencia,Todos,Todos,,97000.0,1,Secundaria,IDMC - Global Internal Displacement Database (GIDD),Global|SRB|||2014|Conflicto armado / violencia|Todos|Todos|IDMC - Global Internal Displacement Database (GIDD),False,SIN_DATO_ORIGEN
2117,Global,TCD,Chad,,,2014,2014,Conflicto armado / violencia,Todos,Todos,,71000.0,1,Secundaria,IDMC - Global Internal Displacement Database (GIDD),Global|TCD|||2014|Conflicto armado / violencia|Todos|Todos|IDMC - Global Internal Displacement Database (GIDD),False,SIN_DATO_ORIGEN
2119,Global,TGO,Togo,,,2014,2014,Conflicto armado / violencia,Todos,Todos,,10000.0,1,Secundaria,IDMC - Global Internal Displacement Database (GIDD),Global|TGO|||2014|Conflicto armado / violencia|Todos|Todos|IDMC - Global Internal Displacement Database (GIDD),False,SIN_DATO_ORIGEN
2120,Global,THA,Thailand,,,2014,2014,Conflicto armado / violencia,Todos,Todos,,35000.0,1,Secundaria,IDMC - Global Internal Displacement Database (GIDD),Global|THA|||2014|Conflicto armado / violencia|Todos|Todos|IDMC - Global Internal Displacement Database (GIDD),False,SIN_DATO_ORIGEN
2123,Global,TKM,Turkmenistan,,,2014,2014,Conflicto armado / violencia,Todos,Todos,,4000.0,1,Secundaria,IDMC - Global Internal Displacement Database (GIDD),Global|TKM|||2014|Conflicto armado / violencia|Todos|Todos|IDMC - Global Internal Displacement Database (GIDD),False,SIN_DATO_ORIGEN
2127,Global,TUR,Türkiye,,,2014,2014,Conflicto armado / violencia,Todos,Todos,,954000.0,1,Secundaria,IDMC - Global Internal Displacement Database (GIDD),Global|TUR|||2014|Conflicto armado / violencia|Todos|Todos|IDMC - Global Internal Displacement Database (GIDD),False,SIN_DATO_ORIGEN
2131,Global,UGA,Uganda,,,2014,2014,Conflicto armado / violencia,Todos,Todos,,30000.0,1,Secundaria,IDMC - Global Internal Displacement Database (GIDD),Global|UGA|||2014|Conflicto armado / violencia|Todos|Todos|IDMC - Global Internal Displacement Database (GIDD),False,SIN_DATO_ORIGEN
2136,Global,UZB,Uzbekistan,,,2014,2014,Conflicto armado / violencia,Todos,Todos,,3400.0,1,Secundaria,IDMC - Global Internal Displacement Database (GIDD),Global|UZB|||2014|Conflicto armado / violencia|Todos|Todos|IDMC - Global Internal Displacement Database (GIDD),False,SIN_DATO_ORIGEN
2140,Global,XKX,Kosovo,,,2014,2014,Conflicto armado / violencia,Todos,Todos,,17000.0,1,Secundaria,IDMC - Global Internal Displacement Database (GIDD),Global|XKX|||2014|Conflicto armado / violencia|Todos|Todos|IDMC - Global Internal Displacement Database (GIDD),False,SIN_DATO_ORIGEN
2150,Global,ARM,Armenia,,,2013,2013,Conflicto armado / violencia,Todos,Todos,,8400.0,1,Secundaria,IDMC - Global Internal Displacement Database (GIDD),Global|ARM|||2013|Conflicto armado / violencia|Todos|Todos|IDMC - Global Internal Displacement Database (GIDD),False,SIN_DATO_ORIGEN
2153,Global,AZE,Azerbaijan,,,2013,2013,Conflicto armado / violencia,Todos,Todos,,543000.0,1,Secundaria,IDMC - Global Internal Displacement Database (GIDD),Global|AZE|||2013|Conflicto armado / violencia|Todos|Todos|IDMC - Global Internal Displacement Database (GIDD),False,SIN_DATO_ORIGEN
2154,Global,BDI,Burundi,,,2013,2013,Conflicto armado / violencia,Todos,Todos,,79000.0,1,Secundaria,IDMC - Global Internal Displacement Database (GIDD),Global|BDI|||2013|Conflicto armado / violencia|Todos|Todos|IDMC - Global Internal Displacement Database (GIDD),False,SIN_DATO_ORIGEN
2157,Global,BGD,Bangladesh,,,2013,2013,Conflicto armado / violencia,Todos,Todos,,426000.0,1,Secundaria,IDMC - Global Internal Displacement Database (GIDD),Global|BGD|||2013|Conflicto armado / violencia|Todos|Todos|IDMC - Global Internal Displacement Database (GIDD),False,SIN_DATO_ORIGEN
2159,Global,BIH,Bosnia And Herzegovina,,,2013,2013,Conflicto armado / violencia,Todos,Todos,,103000.0,1,Secundaria,IDMC - Global Internal Displacement Database (GIDD),Global|BIH|||2013|Conflicto armado / violencia|Todos|Todos|IDMC - Global Internal Displacement Database (GIDD),False,SIN_DATO_ORIGEN
2175,Global,COG,Congo,,,2013,2013,Conflicto armado / violencia,Todos,Todos,,7800.0,1,Secundaria,IDMC - Global Internal Displacement Database (GIDD),Global|COG|||2013|Conflicto armado / violencia|Todos|Todos|IDMC - Global Internal Displacement Database (GIDD),False,SIN_DATO_ORIGEN
2179,Global,CYP,Cyprus,,,2013,2013,Conflicto armado / violencia,Todos,Todos,,212000.0,1,Secundaria,IDMC - Global Internal Displacement Database (GIDD),Global|CYP|||2013|Conflicto armado / violencia|Todos|Todos|IDMC - Global Internal Displacement Database (GIDD),False,SIN_DATO_ORIGEN
2186,Global,ERI,Eritrea,,,2013,2013,Conflicto armado / violencia,Todos,Todos,,10000.0,1,Secundaria,IDMC - Global Internal Displacement Database (GIDD),Global|ERI|||2013|Conflicto armado / violencia|Todos|Todos|IDMC - Global Internal Displacement Database (GIDD),False,SIN_DATO_ORIGEN
2195,Global,GEO,Georgia,,,2013,2013,Conflicto armado / violencia,Todos,Todos,,207000.0,1,Secundaria,IDMC - Global Internal Displacement Database (GIDD),Global|GEO|||2013|Conflicto armado / violencia|Todos|Todos|IDMC - Global Internal Displacement Database (GIDD),False,SIN_DATO_ORIGEN
2201,Global,GTM,Guatemala,,,2013,2013,Conflicto armado / violencia,Todos,Todos,,242000.0,1,Secundaria,IDMC - Global Internal Displacement Database (GIDD),Global|GTM|||2013|Conflicto armado / violencia|Todos|Todos|IDMC - Global Internal Displacement Database (GIDD),False,SIN_DATO_ORIGEN
2222,Global,LBN,Lebanon,,,2013,2013,Conflicto armado / violencia,Todos,Todos,,20000.0,1,Secundaria,IDMC - Global Internal Displacement Database (GIDD),Global|LBN|||2013|Conflicto armado / violencia|Todos|Todos|IDMC - Global Internal Displacement Database (GIDD),False,SIN_DATO_ORIGEN
2224,Global,LBY,Libya,,,2013,2013,Conflicto armado / violencia,Todos,Todos,,59000.0,1,Secundaria,IDMC - Global Internal Displacement Database (GIDD),Global|LBY|||2013|Conflicto armado / violencia|Todos|Todos|IDMC - Global Internal Displacement Database (GIDD),False,SIN_DATO_ORIGEN
2227,Global,LKA,Sri Lanka,,,2013,2013,Conflicto armado / violencia,Todos,Todos,,90000.0,1,Secundaria,IDMC - Global Internal Displacement Database (GIDD),Global|LKA|||2013|Conflicto armado / violencia|Todos|Todos|IDMC - Global Internal Displacement Database (GIDD),False,SIN_DATO_ORIGEN
2232,Global,MKD,North Macedonia,,,2013,2013,Conflicto armado / violencia,Todos,Todos,,330.0,1,Secundaria,IDMC - Global Internal Displacement Database (GIDD),Global|MKD|||2013|Conflicto armado / violencia|Todos|Todos|IDMC - Global Internal Displacement Database (GIDD),False,SIN_DATO_ORIGEN
2243,Global,NER,Niger,,,2013,2013,Conflicto armado / violencia,Todos,Todos,,11000.0,1,Secundaria,IDMC - Global Internal Displacement Database (GIDD),Global|NER|||2013|Conflicto armado / violencia|Todos|Todos|IDMC - Global Internal Displacement Database (GIDD),False,SIN_DATO_ORIGEN
2248,Global,NPL,Nepal,,,2013,2013,Conflicto armado / violencia,Todos,Todos,,50000.0,1,Secundaria,IDMC - Global Internal Displacement Database (GIDD),Global|NPL|||2013|Conflicto armado / violencia|Todos|Todos|IDMC - Global Internal Displacement Database (GIDD),False,SIN_DATO_ORIGEN
2255,Global,PER,Peru,,,2013,2013,Conflicto armado / violencia,Todos,Todos,,150000.0,1,Secundaria,IDMC - Global Internal Displacement Database (GIDD),Global|PER|||2013|Conflicto armado / violencia|Todos|Todos|IDMC - Global Internal Displacement Database (GIDD),False,SIN_DATO_ORIGEN
2265,Global,RUS,Russia,,,2013,2013,Conflicto armado / violencia,Todos,Todos,,35000.0,1,Secundaria,IDMC - Global Internal Displacement Database (GIDD),Global|RUS|||2013|Conflicto armado / violencia|Todos|Todos|IDMC - Global Internal Displacement Database (GIDD),False,SIN_DATO_ORIGEN
2271,Global,SEN,Senegal,,,2013,2013,Conflicto armado / violencia,Todos,Todos,,24000.0,1,Secundaria,IDMC - Global Internal Displacement Database (GIDD),Global|SEN|||2013|Conflicto armado / violencia|Todos|Todos|IDMC - Global Internal Displacement Database (GIDD),False,SIN_DATO_ORIGEN
2278,Global,SRB,Serbia,,,2013,2013,Conflicto armado / violencia,Todos,Todos,,97000.0,1,Secundaria,IDMC - Global Internal Displacement Database (GIDD),Global|SRB|||2013|Conflicto armado / violencia|Todos|Todos|IDMC - Global Internal Displacement Database (GIDD),False,SIN_DATO_ORIGEN
2285,Global,TCD,Chad,,,2013,2013,Conflicto armado / violencia,Todos,Todos,,90000.0,1,Secundaria,IDMC - Global Internal Displacement Database (GIDD),Global|TCD|||2013|Conflicto armado / violencia|Todos|Todos|IDMC - Global Internal Displacement Database (GIDD),False,SIN_DATO_ORIGEN
2287,Global,TGO,Togo,,,2013,2013,Conflicto armado / violencia,Todos,Todos,,10000.0,1,Secundaria,IDMC - Global Internal Displacement Database (GIDD),Global|TGO|||2013|Conflicto armado / violencia|Todos|Todos|IDMC - Global Internal Displacement Database (GIDD),False,SIN_DATO_ORIGEN
2292,Global,TKM,Turkmenistan,,,2013,2013,Conflicto armado / violencia,Todos,Todos,,4000.0,1,Secundaria,IDMC - Global Internal Displacement Database (GIDD),Global|TKM|||2013|Conflicto armado / violencia|Todos|Todos|IDMC - Global Internal Displacement Database (GIDD),False,SIN_DATO_ORIGEN
2293,Global,TLS,Timor-Leste,,,2013,2013,Conflicto armado / violencia,Todos,Todos,,900.0,1,Secundaria,IDMC - Global Internal Displacement Database (GIDD),Global|TLS|||2013|Conflicto armado / violencia|Todos|Todos|IDMC - Global Internal Displacement Database (GIDD),False,SIN_DATO_ORIGEN
2298,Global,TUR,Türkiye,,,2013,2013,Conflicto armado / violencia,Todos,Todos,,954000.0,1,Secundaria,IDMC - Global Internal Displacement Database (GIDD),Global|TUR|||2013|Conflicto armado / violencia|Todos|Todos|IDMC - Global Internal Displacement Database (GIDD),False,SIN_DATO_ORIGEN
2300,Global,UGA,Uganda,,,2013,2013,Conflicto armado / violencia,Todos,Todos,,30000.0,1,Secundaria,IDMC - Global Internal Displacement Database (GIDD),Global|UGA|||2013|Conflicto armado / violencia|Todos|Todos|IDMC - Global Internal Displacement Database (GIDD),False,SIN_DATO_ORIGEN
2305,Global,UZB,Uzbekistan,,,2013,2013,Conflicto armado / violencia,Todos,Todos,,3400.0,1,Secundaria,IDMC - Global Internal Displacement Database (GIDD),Global|UZB|||2013|Conflicto armado / violencia|Todos|Todos|IDMC - Global Internal Displacement Database (GIDD),False,SIN_DATO_ORIGEN
2309,Global,XKX,Kosovo,,,2013,2013,Conflicto armado / violencia,Todos,Todos,,17000.0,1,Secundaria,IDMC - Global Internal Displacement Database (GIDD),Global|XKX|||2013|Conflicto armado / violencia|Todos|Todos|IDMC - Global Internal Displacement Database (GIDD),False,SIN_DATO_ORIGEN
2320,Global,ARM,Armenia,,,2012,2012,Conflicto armado / violencia,Todos,Todos,,8400.0,1,Secundaria,IDMC - Global Internal Displacement Database (GIDD),Global|ARM|||2012|Conflicto armado / violencia|Todos|Todos|IDMC - Global Internal Displacement Database (GIDD),False,SIN_DATO_ORIGEN
2322,Global,AZE,Azerbaijan,,,2012,2012,Conflicto armado / violencia,Todos,Todos,,600000.0,1,Secundaria,IDMC - Global Internal Displacement Database (GIDD),Global|AZE|||2012|Conflicto armado / violencia|Todos|Todos|IDMC - Global Internal Displacement Database (GIDD),False,SIN_DATO_ORIGEN
2324,Global,BDI,Burundi,,,2012,2012,Conflicto armado / violencia,Todos,Todos,,79000.0,1,Secundaria,IDMC - Global Internal Displacement Database (GIDD),Global|BDI|||2012|Conflicto armado / violencia|Todos|Todos|IDMC - Global Internal Displacement Database (GIDD),False,SIN_DATO_ORIGEN
2329,Global,BIH,Bosnia And Herzegovina,,,2012,2012,Conflicto armado / violencia,Todos,Todos,,103000.0,1,Secundaria,IDMC - Global Internal Displacement Database (GIDD),Global|BIH|||2012|Conflicto armado / violencia|Todos|Todos|IDMC - Global Internal Displacement Database (GIDD),False,SIN_DATO_ORIGEN
2340,Global,COG,Congo,,,2012,2012,Conflicto armado / violencia,Todos,Todos,,7800.0,1,Secundaria,IDMC - Global Internal Displacement Database (GIDD),Global|COG|||2012|Conflicto armado / violencia|Todos|Todos|IDMC - Global Internal Displacement Database (GIDD),False,SIN_DATO_ORIGEN
2346,Global,CYP,Cyprus,,,2012,2012,Conflicto armado / violencia,Todos,Todos,,210000.0,1,Secundaria,IDMC - Global Internal Displacement Database (GIDD),Global|CYP|||2012|Conflicto armado / violencia|Todos|Todos|IDMC - Global Internal Displacement Database (GIDD),False,SIN_DATO_ORIGEN
2349,Global,ERI,Eritrea,,,2012,2012,Conflicto armado / violencia,Todos,Todos,,10000.0,1,Secundaria,IDMC - Global Internal Displacement Database (GIDD),Global|ERI|||2012|Conflicto armado / violencia|Todos|Todos|IDMC - Global Internal Displacement Database (GIDD),False,SIN_DATO_ORIGEN
2351,Global,ETH,Ethiopia,,,2012,2012,Conflicto armado / violencia,Todos,Todos,,350000.0,1,Secundaria,IDMC - Global Internal Displacement Database (GIDD),Global|ETH|||2012|Conflicto armado / violencia|Todos|Todos|IDMC - Global Internal Displacement Database (GIDD),False,SIN_DATO_ORIGEN
2356,Global,GEO,Georgia,,,2012,2012,Conflicto armado / violencia,Todos,Todos,,280000.0,1,Secundaria,IDMC - Global Internal Displacement Database (GIDD),Global|GEO|||2012|Conflicto armado / violencia|Todos|Todos|IDMC - Global Internal Displacement Database (GIDD),False,SIN_DATO_ORIGEN
2365,Global,IRQ,Iraq,,,2012,2012,Conflicto armado / violencia,Todos,Todos,,2100000.0,1,Secundaria,IDMC - Global Internal Displacement Database (GIDD),Global|IRQ|||2012|Conflicto armado / violencia|Todos|Todos|IDMC - Global Internal Displacement Database (GIDD),False,SIN_DATO_ORIGEN
2372,Global,KGZ,Kyrgyzstan,,,2012,2012,Conflicto armado / violencia,Todos,Todos,,164000.0,1,Secundaria,IDMC - Global Internal Displacement Database (GIDD),Global|KGZ|||2012|Conflicto armado / violencia|Todos|Todos|IDMC - Global Internal Displacement Database (GIDD),False,SIN_DATO_ORIGEN
2373,Global,LBN,Lebanon,,,2012,2012,Conflicto armado / violencia,Todos,Todos,,45000.0,1,Secundaria,IDMC - Global Internal Displacement Database (GIDD),Global|LBN|||2012|Conflicto armado / violencia|Todos|Todos|IDMC - Global Internal Displacement Database (GIDD),False,SIN_DATO_ORIGEN
2374,Global,LBR,Liberia,,,2012,2012,Conflicto armado / violencia,Todos,Todos,,23000.0,1,Secundaria,IDMC - Global Internal Displacement Database (GIDD),Global|LBR|||2012|Conflicto armado / violencia|Todos|Todos|IDMC - Global Internal Displacement Database (GIDD),False,SIN_DATO_ORIGEN
2375,Global,LBY,Libya,,,2012,2012,Conflicto armado / violencia,Todos,Todos,,50000.0,1,Secundaria,IDMC - Global Internal Displacement Database (GIDD),Global|LBY|||2012|Conflicto armado / violencia|Todos|Todos|IDMC - Global Internal Displacement Database (GIDD),False,SIN_DATO_ORIGEN
2376,Global,LKA,Sri Lanka,,,2012,2012,Conflicto armado / violencia,Todos,Todos,,93000.0,1,Secundaria,IDMC - Global Internal Displacement Database (GIDD),Global|LKA|||2012|Conflicto armado / violencia|Todos|Todos|IDMC - Global Internal Displacement Database (GIDD),False,SIN_DATO_ORIGEN
2380,Global,MEX,Mexico,,,2012,2012,Conflicto armado / violencia,Todos,Todos,,162000.0,1,Secundaria,IDMC - Global Internal Displacement Database (GIDD),Global|MEX|||2012|Conflicto armado / violencia|Todos|Todos|IDMC - Global Internal Displacement Database (GIDD),False,SIN_DATO_ORIGEN
2382,Global,MKD,North Macedonia,,,2012,2012,Conflicto armado / violencia,Todos,Todos,,620.0,1,Secundaria,IDMC - Global Internal Displacement Database (GIDD),Global|MKD|||2012|Conflicto armado / violencia|Todos|Todos|IDMC - Global Internal Displacement Database (GIDD),False,SIN_DATO_ORIGEN
2392,Global,NER,Niger,,,2012,2012,Conflicto armado / violencia,Todos,Todos,,11000.0,1,Secundaria,IDMC - Global Internal Displacement Database (GIDD),Global|NER|||2012|Conflicto armado / violencia|Todos|Todos|IDMC - Global Internal Displacement Database (GIDD),False,SIN_DATO_ORIGEN
2396,Global,NPL,Nepal,,,2012,2012,Conflicto armado / violencia,Todos,Todos,,50000.0,1,Secundaria,IDMC - Global Internal Displacement Database (GIDD),Global|NPL|||2012|Conflicto armado / violencia|Todos|Todos|IDMC - Global Internal Displacement Database (GIDD),False,SIN_DATO_ORIGEN
2402,Global,PER,Peru,,,2012,2012,Conflicto armado / violencia,Todos,Todos,,150000.0,1,Secundaria,IDMC - Global Internal Displacement Database (GIDD),Global|PER|||2012|Conflicto armado / violencia|Todos|Todos|IDMC - Global Internal Displacement Database (GIDD),False,SIN_DATO_ORIGEN
2411,Global,RUS,Russia,,,2012,2012,Conflicto armado / violencia,Todos,Todos,,29000.0,1,Secundaria,IDMC - Global Internal Displacement Database (GIDD),Global|RUS|||2012|Conflicto armado / violencia|Todos|Todos|IDMC - Global Internal Displacement Database (GIDD),False,SIN_DATO_ORIGEN
2421,Global,SRB,Serbia,,,2012,2012,Conflicto armado / violencia,Todos,Todos,,225000.0,1,Secundaria,IDMC - Global Internal Displacement Database (GIDD),Global|SRB|||2012|Conflicto armado / violencia|Todos|Todos|IDMC - Global Internal Displacement Database (GIDD),False,SIN_DATO_ORIGEN
2425,Global,TCD,Chad,,,2012,2012,Conflicto armado / violencia,Todos,Todos,,90000.0,1,Secundaria,IDMC - Global Internal Displacement Database (GIDD),Global|TCD|||2012|Conflicto armado / violencia|Todos|Todos|IDMC - Global Internal Displacement Database (GIDD),False,SIN_DATO_ORIGEN
2427,Global,TGO,Togo,,,2012,2012,Conflicto armado / violencia,Todos,Todos,,10000.0,1,Secundaria,IDMC - Global Internal Displacement Database (GIDD),Global|TGO|||2012|Conflicto armado / violencia|Todos|Todos|IDMC - Global Internal Displacement Database (GIDD),False,SIN_DATO_ORIGEN
2428,Global,THA,Thailand,,,2012,2012,Conflicto armado / violencia,Todos,Todos,,35000.0,1,Secundaria,IDMC - Global Internal Displacement Database (GIDD),Global|THA|||2012|Conflicto armado / violencia|Todos|Todos|IDMC - Global Internal Displacement Database (GIDD),False,SIN_DATO_ORIGEN
2431,Global,TKM,Turkmenistan,,,2012,2012,Conflicto armado / violencia,Todos,Todos,,4000.0,1,Secundaria,IDMC - Global Internal Displacement Database (GIDD),Global|TKM|||2012|Conflicto armado / violencia|Todos|Todos|IDMC - Global Internal Displacement Database (GIDD),False,SIN_DATO_ORIGEN
2432,Global,TLS,Timor-Leste,,,2012,2012,Conflicto armado / violencia,Todos,Todos,,900.0,1,Secundaria,IDMC - Global Internal Displacement Database (GIDD),Global|TLS|||2012|Conflicto armado / violencia|Todos|Todos|IDMC - Global Internal Displacement Database (GIDD),False,SIN_DATO_ORIGEN
2437,Global,UGA,Uganda,,,2012,2012,Conflicto armado / violencia,Todos,Todos,,30000.0,1,Secundaria,IDMC - Global Internal Displacement Database (GIDD),Global|UGA|||2012|Conflicto armado / violencia|Todos|Todos|IDMC - Global Internal Displacement Database (GIDD),False,SIN_DATO_ORIGEN
2440,Global,UZB,Uzbekistan,,,2012,2012,Conflicto armado / violencia,Todos,Todos,,3400.0,1,Secundaria,IDMC - Global Internal Displacement Database (GIDD),Global|UZB|||2012|Conflicto armado / violencia|Todos|Todos|IDMC - Global Internal Displacement Database (GIDD),False,SIN_DATO_ORIGEN
2445,Global,XKX,Kosovo,,,2012,2012,Conflicto armado / violencia,Todos,Todos,,18000.0,1,Secundaria,IDMC - Global Internal Displacement Database (GIDD),Global|XKX|||2012|Conflicto armado / violencia|Todos|Todos|IDMC - Global Internal Displacement Database (GIDD),False,SIN_DATO_ORIGEN
2452,Global,ARM,Armenia,,,2011,2011,Conflicto armado / violencia,Todos,Todos,,8400.0,1,Secundaria,IDMC - Global Internal Displacement Database (GIDD),Global|ARM|||2011|Conflicto armado / violencia|Todos|Todos|IDMC - Global Internal Displacement Database (GIDD),False,SIN_DATO_ORIGEN
2454,Global,AZE,Azerbaijan,,,2011,2011,Conflicto armado / violencia,Todos,Todos,,599000.0,1,Secundaria,IDMC - Global Internal Displacement Database (GIDD),Global|AZE|||2011|Conflicto armado / violencia|Todos|Todos|IDMC - Global Internal Displacement Database (GIDD),False,SIN_DATO_ORIGEN
2455,Global,BDI,Burundi,,,2011,2011,Conflicto armado / violencia,Todos,Todos,,79000.0,1,Secundaria,IDMC - Global Internal Displacement Database (GIDD),Global|BDI|||2011|Conflicto armado / violencia|Todos|Todos|IDMC - Global Internal Displacement Database (GIDD),False,SIN_DATO_ORIGEN
2458,Global,BIH,Bosnia And Herzegovina,,,2011,2011,Conflicto armado / violencia,Todos,Todos,,113000.0,1,Secundaria,IDMC - Global Internal Displacement Database (GIDD),Global|BIH|||2011|Conflicto armado / violencia|Todos|Todos|IDMC - Global Internal Displacement Database (GIDD),False,SIN_DATO_ORIGEN
2468,Global,COG,Congo,,,2011,2011,Conflicto armado / violencia,Todos,Todos,,7800.0,1,Secundaria,IDMC - Global Internal Displacement Database (GIDD),Global|COG|||2011|Conflicto armado / violencia|Todos|Todos|IDMC - Global Internal Displacement Database (GIDD),False,SIN_DATO_ORIGEN
2472,Global,CYP,Cyprus,,,2011,2011,Conflicto armado / violencia,Todos,Todos,,208000.0,1,Secundaria,IDMC - Global Internal Displacement Database (GIDD),Global|CYP|||2011|Conflicto armado / violencia|Todos|Todos|IDMC - Global Internal Displacement Database (GIDD),False,SIN_DATO_ORIGEN
2475,Global,ERI,Eritrea,,,2011,2011,Conflicto armado / violencia,Todos,Todos,,10000.0,1,Secundaria,IDMC - Global Internal Displacement Database (GIDD),Global|ERI|||2011|Conflicto armado / violencia|Todos|Todos|IDMC - Global Internal Displacement Database (GIDD),False,SIN_DATO_ORIGEN
2478,Global,GEO,Georgia,,,2011,2011,Conflicto armado / violencia,Todos,Todos,,270000.0,1,Secundaria,IDMC - Global Internal Displacement Database (GIDD),Global|GEO|||2011|Conflicto armado / violencia|Todos|Todos|IDMC - Global Internal Displacement Database (GIDD),False,SIN_DATO_ORIGEN
2483,Global,HRV,Croatia,,,2011,2011,Conflicto armado / violencia,Todos,Todos,,2100.0,1,Secundaria,IDMC - Global Internal Displacement Database (GIDD),Global|HRV|||2011|Conflicto armado / violencia|Todos|Todos|IDMC - Global Internal Displacement Database (GIDD),False,SIN_DATO_ORIGEN
2496,Global,KGZ,Kyrgyzstan,,,2011,2011,Conflicto armado / violencia,Todos,Todos,,67000.0,1,Secundaria,IDMC - Global Internal Displacement Database (GIDD),Global|KGZ|||2011|Conflicto armado / violencia|Todos|Todos|IDMC - Global Internal Displacement Database (GIDD),False,SIN_DATO_ORIGEN
2500,Global,LBN,Lebanon,,,2011,2011,Conflicto armado / violencia,Todos,Todos,,47000.0,1,Secundaria,IDMC - Global Internal Displacement Database (GIDD),Global|LBN|||2011|Conflicto armado / violencia|Todos|Todos|IDMC - Global Internal Displacement Database (GIDD),False,SIN_DATO_ORIGEN
2501,Global,LBR,Liberia,,,2011,2011,Conflicto armado / violencia,Todos,Todos,,23000.0,1,Secundaria,IDMC - Global Internal Displacement Database (GIDD),Global|LBR|||2011|Conflicto armado / violencia|Todos|Todos|IDMC - Global Internal Displacement Database (GIDD),False,SIN_DATO_ORIGEN
2503,Global,LKA,Sri Lanka,,,2011,2011,Conflicto armado / violencia,Todos,Todos,,125000.0,1,Secundaria,IDMC - Global Internal Displacement Database (GIDD),Global|LKA|||2011|Conflicto armado / violencia|Todos|Todos|IDMC - Global Internal Displacement Database (GIDD),False,SIN_DATO_ORIGEN
2509,Global,MKD,North Macedonia,,,2011,2011,Conflicto armado / violencia,Todos,Todos,,640.0,1,Secundaria,IDMC - Global Internal Displacement Database (GIDD),Global|MKD|||2011|Conflicto armado / violencia|Todos|Todos|IDMC - Global Internal Displacement Database (GIDD),False,SIN_DATO_ORIGEN
2517,Global,NER,Niger,,,2011,2011,Conflicto armado / violencia,Todos,Todos,,11000.0,1,Secundaria,IDMC - Global Internal Displacement Database (GIDD),Global|NER|||2011|Conflicto armado / violencia|Todos|Todos|IDMC - Global Internal Displacement Database (GIDD),False,SIN_DATO_ORIGEN
2522,Global,NPL,Nepal,,,2011,2011,Conflicto armado / violencia,Todos,Todos,,50000.0,1,Secundaria,IDMC - Global Internal Displacement Database (GIDD),Global|NPL|||2011|Conflicto armado / violencia|Todos|Todos|IDMC - Global Internal Displacement Database (GIDD),False,SIN_DATO_ORIGEN
2527,Global,PER,Peru,,,2011,2011,Conflicto armado / violencia,Todos,Todos,,150000.0,1,Secundaria,IDMC - Global Internal Displacement Database (GIDD),Global|PER|||2011|Conflicto armado / violencia|Todos|Todos|IDMC - Global Internal Displacement Database (GIDD),False,SIN_DATO_ORIGEN
2538,Global,SEN,Senegal,,,2011,2011,Conflicto armado / violencia,Todos,Todos,,24000.0,1,Secundaria,IDMC - Global Internal Displacement Database (GIDD),Global|SEN|||2011|Conflicto armado / violencia|Todos|Todos|IDMC - Global Internal Displacement Database (GIDD),False,SIN_DATO_ORIGEN
2542,Global,SRB,Serbia,,,2011,2011,Conflicto armado / violencia,Todos,Todos,,225000.0,1,Secundaria,IDMC - Global Internal Displacement Database (GIDD),Global|SRB|||2011|Conflicto armado / violencia|Todos|Todos|IDMC - Global Internal Displacement Database (GIDD),False,SIN_DATO_ORIGEN
2545,Global,TCD,Chad,,,2011,2011,Conflicto armado / violencia,Todos,Todos,,126000.0,1,Secundaria,IDMC - Global Internal Displacement Database (GIDD),Global|TCD|||2011|Conflicto armado / violencia|Todos|Todos|IDMC - Global Internal Displacement Database (GIDD),False,SIN_DATO_ORIGEN
2546,Global,TGO,Togo,,,2011,2011,Conflicto armado / violencia,Todos,Todos,,10000.0,1,Secundaria,IDMC - Global Internal Displacement Database (GIDD),Global|TGO|||2011|Conflicto armado / violencia|Todos|Todos|IDMC - Global Internal Displacement Database (GIDD),False,SIN_DATO_ORIGEN
2549,Global,TKM,Turkmenistan,,,2011,2011,Conflicto armado / violencia,Todos,Todos,,4000.0,1,Secundaria,IDMC - Global Internal Displacement Database (GIDD),Global|TKM|||2011|Conflicto armado / violencia|Todos|Todos|IDMC - Global Internal Displacement Database (GIDD),False,SIN_DATO_ORIGEN
2551,Global,TUR,Türkiye,,,2011,2011,Conflicto armado / violencia,Todos,Todos,,1000000.0,1,Secundaria,IDMC - Global Internal Displacement Database (GIDD),Global|TUR|||2011|Conflicto armado / violencia|Todos|Todos|IDMC - Global Internal Displacement Database (GIDD),False,SIN_DATO_ORIGEN
2554,Global,UGA,Uganda,,,2011,2011,Conflicto armado / violencia,Todos,Todos,,30000.0,1,Secundaria,IDMC - Global Internal Displacement Database (GIDD),Global|UGA|||2011|Conflicto armado / violencia|Todos|Todos|IDMC - Global Internal Displacement Database (GIDD),False,SIN_DATO_ORIGEN
2557,Global,UZB,Uzbekistan,,,2011,2011,Conflicto armado / violencia,Todos,Todos,,3400.0,1,Secundaria,IDMC - Global Internal Displacement Database (GIDD),Global|UZB|||2011|Conflicto armado / violencia|Todos|Todos|IDMC - Global Internal Displacement Database (GIDD),False,SIN_DATO_ORIGEN
2560,Global,XKX,Kosovo,,,2011,2011,Conflicto armado / violencia,Todos,Todos,,18000.0,1,Secundaria,IDMC - Global Internal Displacement Database (GIDD),Global|XKX|||2011|Conflicto armado / violencia|Todos|Todos|IDMC - Global Internal Displacement Database (GIDD),False,SIN_DATO_ORIGEN
2566,Global,ARM,Armenia,,,2010,2010,Conflicto armado / violencia,Todos,Todos,,8400.0,1,Secundaria,IDMC - Global Internal Displacement Database (GIDD),Global|ARM|||2010|Conflicto armado / violencia|Todos|Todos|IDMC - Global Internal Displacement Database (GIDD),False,SIN_DATO_ORIGEN
2568,Global,AZE,Azerbaijan,,,2010,2010,Conflicto armado / violencia,Todos,Todos,,593000.0,1,Secundaria,IDMC - Global Internal Displacement Database (GIDD),Global|AZE|||2010|Conflicto armado / violencia|Todos|Todos|IDMC - Global Internal Displacement Database (GIDD),False,SIN_DATO_ORIGEN
2570,Global,BDI,Burundi,,,2010,2010,Conflicto armado / violencia,Todos,Todos,,100000.0,1,Secundaria,IDMC - Global Internal Displacement Database (GIDD),Global|BDI|||2010|Conflicto armado / violencia|Todos|Todos|IDMC - Global Internal Displacement Database (GIDD),False,SIN_DATO_ORIGEN
2576,Global,BIH,Bosnia And Herzegovina,,,2010,2010,Conflicto armado / violencia,Todos,Todos,,113000.0,1,Secundaria,IDMC - Global Internal Displacement Database (GIDD),Global|BIH|||2010|Conflicto armado / violencia|Todos|Todos|IDMC - Global Internal Displacement Database (GIDD),False,SIN_DATO_ORIGEN
2586,Global,COG,Congo,,,2010,2010,Conflicto armado / violencia,Todos,Todos,,7800.0,1,Secundaria,IDMC - Global Internal Displacement Database (GIDD),Global|COG|||2010|Conflicto armado / violencia|Todos|Todos|IDMC - Global Internal Displacement Database (GIDD),False,SIN_DATO_ORIGEN
2590,Global,CYP,Cyprus,,,2010,2010,Conflicto armado / violencia,Todos,Todos,,208000.0,1,Secundaria,IDMC - Global Internal Displacement Database (GIDD),Global|CYP|||2010|Conflicto armado / violencia|Todos|Todos|IDMC - Global Internal Displacement Database (GIDD),False,SIN_DATO_ORIGEN
2592,Global,ERI,Eritrea,,,2010,2010,Conflicto armado / violencia,Todos,Todos,,10000.0,1,Secundaria,IDMC - Global Internal Displacement Database (GIDD),Global|ERI|||2010|Conflicto armado / violencia|Todos|Todos|IDMC - Global Internal Displacement Database (GIDD),False,SIN_DATO_ORIGEN
2593,Global,ETH,Ethiopia,,,2010,2010,Conflicto armado / violencia,Todos,Todos,,300000.0,1,Secundaria,IDMC - Global Internal Displacement Database (GIDD),Global|ETH|||2010|Conflicto armado / violencia|Todos|Todos|IDMC - Global Internal Displacement Database (GIDD),False,SIN_DATO_ORIGEN
2597,Global,GEO,Georgia,,,2010,2010,Conflicto armado / violencia,Todos,Todos,,257000.0,1,Secundaria,IDMC - Global Internal Displacement Database (GIDD),Global|GEO|||2010|Conflicto armado / violencia|Todos|Todos|IDMC - Global Internal Displacement Database (GIDD),False,SIN_DATO_ORIGEN
2602,Global,HRV,Croatia,,,2010,2010,Conflicto armado / violencia,Todos,Todos,,2300.0,1,Secundaria,IDMC - Global Internal Displacement Database (GIDD),Global|HRV|||2010|Conflicto armado / violencia|Todos|Todos|IDMC - Global Internal Displacement Database (GIDD),False,SIN_DATO_ORIGEN
2609,Global,IRQ,Iraq,,,2010,2010,Conflicto armado / violencia,Todos,Todos,,2800000.0,1,Secundaria,IDMC - Global Internal Displacement Database (GIDD),Global|IRQ|||2010|Conflicto armado / violencia|Todos|Todos|IDMC - Global Internal Displacement Database (GIDD),False,SIN_DATO_ORIGEN
2612,Global,KEN,Kenya,,,2010,2010,Conflicto armado / violencia,Todos,Todos,,250000.0,1,Secundaria,IDMC - Global Internal Displacement Database (GIDD),Global|KEN|||2010|Conflicto armado / violencia|Todos|Todos|IDMC - Global Internal Displacement Database (GIDD),False,SIN_DATO_ORIGEN
2617,Global,LBN,Lebanon,,,2010,2010,Conflicto armado / violencia,Todos,Todos,,75000.0,1,Secundaria,IDMC - Global Internal Displacement Database (GIDD),Global|LBN|||2010|Conflicto armado / violencia|Todos|Todos|IDMC - Global Internal Displacement Database (GIDD),False,SIN_DATO_ORIGEN
2618,Global,LBR,Liberia,,,2010,2010,Conflicto armado / violencia,Todos,Todos,,23000.0,1,Secundaria,IDMC - Global Internal Displacement Database (GIDD),Global|LBR|||2010|Conflicto armado / violencia|Todos|Todos|IDMC - Global Internal Displacement Database (GIDD),False,SIN_DATO_ORIGEN
2619,Global,LKA,Sri Lanka,,,2010,2010,Conflicto armado / violencia,Todos,Todos,,327000.0,1,Secundaria,IDMC - Global Internal Displacement Database (GIDD),Global|LKA|||2010|Conflicto armado / violencia|Todos|Todos|IDMC - Global Internal Displacement Database (GIDD),False,SIN_DATO_ORIGEN
2626,Global,MKD,North Macedonia,,,2010,2010,Conflicto armado / violencia,Todos,Todos,,640.0,1,Secundaria,IDMC - Global Internal Displacement Database (GIDD),Global|MKD|||2010|Conflicto armado / violencia|Todos|Todos|IDMC - Global Internal Displacement Database (GIDD),False,SIN_DATO_ORIGEN
2635,Global,NER,Niger,,,2010,2010,Conflicto armado / violencia,Todos,Todos,,11000.0,1,Secundaria,IDMC - Global Internal Displacement Database (GIDD),Global|NER|||2010|Conflicto armado / violencia|Todos|Todos|IDMC - Global Internal Displacement Database (GIDD),False,SIN_DATO_ORIGEN
2640,Global,NPL,Nepal,,,2010,2010,Conflicto armado / violencia,Todos,Todos,,50000.0,1,Secundaria,IDMC - Global Internal Displacement Database (GIDD),Global|NPL|||2010|Conflicto armado / violencia|Todos|Todos|IDMC - Global Internal Displacement Database (GIDD),False,SIN_DATO_ORIGEN
2644,Global,PER,Peru,,,2010,2010,Conflicto armado / violencia,Todos,Todos,,150000.0,1,Secundaria,IDMC - Global Internal Displacement Database (GIDD),Global|PER|||2010|Conflicto armado / violencia|Todos|Todos|IDMC - Global Internal Displacement Database (GIDD),False,SIN_DATO_ORIGEN
2653,Global,RUS,Russia,,,2010,2010,Conflicto armado / violencia,Todos,Todos,,78000.0,1,Secundaria,IDMC - Global Internal Displacement Database (GIDD),Global|RUS|||2010|Conflicto armado / violencia|Todos|Todos|IDMC - Global Internal Displacement Database (GIDD),False,SIN_DATO_ORIGEN
2664,Global,SRB,Serbia,,,2010,2010,Conflicto armado / violencia,Todos,Todos,,225000.0,1,Secundaria,IDMC - Global Internal Displacement Database (GIDD),Global|SRB|||2010|Conflicto armado / violencia|Todos|Todos|IDMC - Global Internal Displacement Database (GIDD),False,SIN_DATO_ORIGEN
2666,Global,SYR,Syria,,,2010,2010,Conflicto armado / violencia,Todos,Todos,,433000.0,1,Secundaria,IDMC - Global Internal Displacement Database (GIDD),Global|SYR|||2010|Conflicto armado / violencia|Todos|Todos|IDMC - Global Internal Displacement Database (GIDD),False,SIN_DATO_ORIGEN
2667,Global,TCD,Chad,,,2010,2010,Conflicto armado / violencia,Todos,Todos,,171000.0,1,Secundaria,IDMC - Global Internal Displacement Database (GIDD),Global|TCD|||2010|Conflicto armado / violencia|Todos|Todos|IDMC - Global Internal Displacement Database (GIDD),False,SIN_DATO_ORIGEN
2669,Global,TGO,Togo,,,2010,2010,Conflicto armado / violencia,Todos,Todos,,10000.0,1,Secundaria,IDMC - Global Internal Displacement Database (GIDD),Global|TGO|||2010|Conflicto armado / violencia|Todos|Todos|IDMC - Global Internal Displacement Database (GIDD),False,SIN_DATO_ORIGEN
2673,Global,TKM,Turkmenistan,,,2010,2010,Conflicto armado / violencia,Todos,Todos,,4000.0,1,Secundaria,IDMC - Global Internal Displacement Database (GIDD),Global|TKM|||2010|Conflicto armado / violencia|Todos|Todos|IDMC - Global Internal Displacement Database (GIDD),False,SIN_DATO_ORIGEN
2674,Global,TLS,Timor-Leste,,,2010,2010,Conflicto armado / violencia,Todos,Todos,,400.0,1,Secundaria,IDMC - Global Internal Displacement Database (GIDD),Global|TLS|||2010|Conflicto armado / violencia|Todos|Todos|IDMC - Global Internal Displacement Database (GIDD),False,SIN_DATO_ORIGEN
2675,Global,TUR,Türkiye,,,2010,2010,Conflicto armado / violencia,Todos,Todos,,1000000.0,1,Secundaria,IDMC - Global Internal Displacement Database (GIDD),Global|TUR|||2010|Conflicto armado / violencia|Todos|Todos|IDMC - Global Internal Displacement Database (GIDD),False,SIN_DATO_ORIGEN
2677,Global,UGA,Uganda,,,2010,2010,Conflicto armado / violencia,Todos,Todos,,166000.0,1,Secundaria,IDMC - Global Internal Displacement Database (GIDD),Global|UGA|||2010|Conflicto armado / violencia|Todos|Todos|IDMC - Global Internal Displacement Database (GIDD),False,SIN_DATO_ORIGEN
2678,Global,UZB,Uzbekistan,,,2010,2010,Conflicto armado / violencia,Todos,Todos,,3400.0,1,Secundaria,IDMC - Global Internal Displacement Database (GIDD),Global|UZB|||2010|Conflicto armado / violencia|Todos|Todos|IDMC - Global Internal Displacement Database (GIDD),False,SIN_DATO_ORIGEN
2682,Global,XKX,Kosovo,,,2010,2010,Conflicto armado / violencia,Todos,Todos,,18000.0,1,Secundaria,IDMC - Global Internal Displacement Database (GIDD),Global|XKX|||2010|Conflicto armado / violencia|Todos|Todos|IDMC - Global Internal Displacement Database (GIDD),False,SIN_DATO_ORIGEN
2687,Global,AFG,Afghanistan,,,2009,2009,Conflicto armado / violencia,Todos,Todos,,297000.0,1,Secundaria,IDMC - Global Internal Displacement Database (GIDD),Global|AFG|||2009|Conflicto armado / violencia|Todos|Todos|IDMC - Global Internal Displacement Database (GIDD),False,SIN_DATO_ORIGEN
2691,Global,ARM,Armenia,,,2009,2009,Conflicto armado / violencia,Todos,Todos,,8400.0,1,Secundaria,IDMC - Global Internal Displacement Database (GIDD),Global|ARM|||2009|Conflicto armado / violencia|Todos|Todos|IDMC - Global Internal Displacement Database (GIDD),False,SIN_DATO_ORIGEN
2693,Global,AZE,Azerbaijan,,,2009,2009,Conflicto armado / violencia,Todos,Todos,,586000.0,1,Secundaria,IDMC - Global Internal Displacement Database (GIDD),Global|AZE|||2009|Conflicto armado / violencia|Todos|Todos|IDMC - Global Internal Displacement Database (GIDD),False,SIN_DATO_ORIGEN
2695,Global,BDI,Burundi,,,2009,2009,Conflicto armado / violencia,Todos,Todos,,100000.0,1,Secundaria,IDMC - Global Internal Displacement Database (GIDD),Global|BDI|||2009|Conflicto armado / violencia|Todos|Todos|IDMC - Global Internal Displacement Database (GIDD),False,SIN_DATO_ORIGEN
2700,Global,BIH,Bosnia And Herzegovina,,,2009,2009,Conflicto armado / violencia,Todos,Todos,,114000.0,1,Secundaria,IDMC - Global Internal Displacement Database (GIDD),Global|BIH|||2009|Conflicto armado / violencia|Todos|Todos|IDMC - Global Internal Displacement Database (GIDD),False,SIN_DATO_ORIGEN
2712,Global,COG,Congo,,,2009,2009,Conflicto armado / violencia,Todos,Todos,,7800.0,1,Secundaria,IDMC - Global Internal Displacement Database (GIDD),Global|COG|||2009|Conflicto armado / violencia|Todos|Todos|IDMC - Global Internal Displacement Database (GIDD),False,SIN_DATO_ORIGEN
2716,Global,CYP,Cyprus,,,2009,2009,Conflicto armado / violencia,Todos,Todos,,201000.0,1,Secundaria,IDMC - Global Internal Displacement Database (GIDD),Global|CYP|||2009|Conflicto armado / violencia|Todos|Todos|IDMC - Global Internal Displacement Database (GIDD),False,SIN_DATO_ORIGEN
2718,Global,ERI,Eritrea,,,2009,2009,Conflicto armado / violencia,Todos,Todos,,10000.0,1,Secundaria,IDMC - Global Internal Displacement Database (GIDD),Global|ERI|||2009|Conflicto armado / violencia|Todos|Todos|IDMC - Global Internal Displacement Database (GIDD),False,SIN_DATO_ORIGEN
2722,Global,GEO,Georgia,,,2009,2009,Conflicto armado / violencia,Todos,Todos,,240000.0,1,Secundaria,IDMC - Global Internal Displacement Database (GIDD),Global|GEO|||2009|Conflicto armado / violencia|Todos|Todos|IDMC - Global Internal Displacement Database (GIDD),False,SIN_DATO_ORIGEN
2727,Global,HRV,Croatia,,,2009,2009,Conflicto armado / violencia,Todos,Todos,,2400.0,1,Secundaria,IDMC - Global Internal Displacement Database (GIDD),Global|HRV|||2009|Conflicto armado / violencia|Todos|Todos|IDMC - Global Internal Displacement Database (GIDD),False,SIN_DATO_ORIGEN
2733,Global,IRQ,Iraq,,,2009,2009,Conflicto armado / violencia,Todos,Todos,,2764000.0,1,Secundaria,IDMC - Global Internal Displacement Database (GIDD),Global|IRQ|||2009|Conflicto armado / violencia|Todos|Todos|IDMC - Global Internal Displacement Database (GIDD),False,SIN_DATO_ORIGEN
2735,Global,KEN,Kenya,,,2009,2009,Conflicto armado / violencia,Todos,Todos,,250000.0,1,Secundaria,IDMC - Global Internal Displacement Database (GIDD),Global|KEN|||2009|Conflicto armado / violencia|Todos|Todos|IDMC - Global Internal Displacement Database (GIDD),False,SIN_DATO_ORIGEN
2739,Global,LBN,Lebanon,,,2009,2009,Conflicto armado / violencia,Todos,Todos,,90000.0,1,Secundaria,IDMC - Global Internal Displacement Database (GIDD),Global|LBN|||2009|Conflicto armado / violencia|Todos|Todos|IDMC - Global Internal Displacement Database (GIDD),False,SIN_DATO_ORIGEN
2740,Global,LBR,Liberia,,,2009,2009,Conflicto armado / violencia,Todos,Todos,,23000.0,1,Secundaria,IDMC - Global Internal Displacement Database (GIDD),Global|LBR|||2009|Conflicto armado / violencia|Todos|Todos|IDMC - Global Internal Displacement Database (GIDD),False,SIN_DATO_ORIGEN
2744,Global,MEX,Mexico,,,2009,2009,Conflicto armado / violencia,Todos,Todos,,8000.0,1,Secundaria,IDMC - Global Internal Displacement Database (GIDD),Global|MEX|||2009|Conflicto armado / violencia|Todos|Todos|IDMC - Global Internal Displacement Database (GIDD),False,SIN_DATO_ORIGEN
2746,Global,MKD,North Macedonia,,,2009,2009,Conflicto armado / violencia,Todos,Todos,,640.0,1,Secundaria,IDMC - Global Internal Displacement Database (GIDD),Global|MKD|||2009|Conflicto armado / violencia|Todos|Todos|IDMC - Global Internal Displacement Database (GIDD),False,SIN_DATO_ORIGEN
2753,Global,NER,Niger,,,2009,2009,Conflicto armado / violencia,Todos,Todos,,11000.0,1,Secundaria,IDMC - Global Internal Displacement Database (GIDD),Global|NER|||2009|Conflicto armado / violencia|Todos|Todos|IDMC - Global Internal Displacement Database (GIDD),False,SIN_DATO_ORIGEN
2761,Global,PER,Peru,,,2009,2009,Conflicto armado / violencia,Todos,Todos,,150000.0,1,Secundaria,IDMC - Global Internal Displacement Database (GIDD),Global|PER|||2009|Conflicto armado / violencia|Todos|Todos|IDMC - Global Internal Displacement Database (GIDD),False,SIN_DATO_ORIGEN
2767,Global,RUS,Russia,,,2009,2009,Conflicto armado / violencia,Todos,Todos,,80000.0,1,Secundaria,IDMC - Global Internal Displacement Database (GIDD),Global|RUS|||2009|Conflicto armado / violencia|Todos|Todos|IDMC - Global Internal Displacement Database (GIDD),False,SIN_DATO_ORIGEN
2775,Global,SRB,Serbia,,,2009,2009,Conflicto armado / violencia,Todos,Todos,,225000.0,1,Secundaria,IDMC - Global Internal Displacement Database (GIDD),Global|SRB|||2009|Conflicto armado / violencia|Todos|Todos|IDMC - Global Internal Displacement Database (GIDD),False,SIN_DATO_ORIGEN
2776,Global,SYR,Syria,,,2009,2009,Conflicto armado / violencia,Todos,Todos,,433000.0,1,Secundaria,IDMC - Global Internal Displacement Database (GIDD),Global|SYR|||2009|Conflicto armado / violencia|Todos|Todos|IDMC - Global Internal Displacement Database (GIDD),False,SIN_DATO_ORIGEN
2777,Global,TCD,Chad,,,2009,2009,Conflicto armado / violencia,Todos,Todos,,168000.0,1,Secundaria,IDMC - Global Internal Displacement Database (GIDD),Global|TCD|||2009|Conflicto armado / violencia|Todos|Todos|IDMC - Global Internal Displacement Database (GIDD),False,SIN_DATO_ORIGEN
2779,Global,TGO,Togo,,,2009,2009,Conflicto armado / violencia,Todos,Todos,,10000.0,1,Secundaria,IDMC - Global Internal Displacement Database (GIDD),Global|TGO|||2009|Conflicto armado / violencia|Todos|Todos|IDMC - Global Internal Displacement Database (GIDD),False,SIN_DATO_ORIGEN
2781,Global,TKM,Turkmenistan,,,2009,2009,Conflicto armado / violencia,Todos,Todos,,4000.0,1,Secundaria,IDMC - Global Internal Displacement Database (GIDD),Global|TKM|||2009|Conflicto armado / violencia|Todos|Todos|IDMC - Global Internal Displacement Database (GIDD),False,SIN_DATO_ORIGEN
2783,Global,TUR,Türkiye,,,2009,2009,Conflicto armado / violencia,Todos,Todos,,1000000.0,1,Secundaria,IDMC - Global Internal Displacement Database (GIDD),Global|TUR|||2009|Conflicto armado / violencia|Todos|Todos|IDMC - Global Internal Displacement Database (GIDD),False,SIN_DATO_ORIGEN
2787,Global,UGA,Uganda,,,2009,2009,Conflicto armado / violencia,Todos,Todos,,435000.0,1,Secundaria,IDMC - Global Internal Displacement Database (GIDD),Global|UGA|||2009|Conflicto armado / violencia|Todos|Todos|IDMC - Global Internal Displacement Database (GIDD),False,SIN_DATO_ORIGEN
2789,Global,UZB,Uzbekistan,,,2009,2009,Conflicto armado / violencia,Todos,Todos,,3400.0,1,Secundaria,IDMC - Global Internal Displacement Database (GIDD),Global|UZB|||2009|Conflicto armado / violencia|Todos|Todos|IDMC - Global Internal Displacement Database (GIDD),False,SIN_DATO_ORIGEN
2792,Global,XKX,Kosovo,,,2009,2009,Conflicto armado / violencia,Todos,Todos,,20000.0,1,Secundaria,IDMC - Global Internal Displacement Database (GIDD),Global|XKX|||2009|Conflicto armado / violencia|Todos|Todos|IDMC - Global Internal Displacement Database (GIDD),False,SIN_DATO_ORIGEN
